family,target,task,variant,model_label,peak_r2,peak_layer
magnitude_ee_velocity,ee_velocity__mean,push,variant_A,V-JEPA A,0.9799610376358032,19
magnitude_ee_velocity,ee_velocity__mean,push,variant_B,V-JEPA B,0.9795396804809571,19
magnitude_ee_velocity,ee_velocity__mean,push,variant_A_videomae_large,VideoMAE A,0.9774354100227356,21
magnitude_ee_velocity,ee_velocity__mean,push,variant_B_videomae_large,VideoMAE B,0.9809707045555115,22
magnitude_ee_velocity,ee_velocity__mean,push,variant_A_dinov2_large,DINOv2 A,0.8936067938804626,16
magnitude_ee_velocity,ee_velocity__mean,strike,variant_A,V-JEPA A,0.9925796866416932,19
magnitude_ee_velocity,ee_velocity__mean,strike,variant_B,V-JEPA B,0.98098064661026,4
magnitude_ee_velocity,ee_velocity__mean,strike,variant_A_videomae_large,VideoMAE A,,-1
magnitude_ee_velocity,ee_velocity__mean,strike,variant_B_videomae_large,VideoMAE B,,-1
magnitude_ee_velocity,ee_velocity__mean,strike,variant_A_dinov2_large,DINOv2 A,0.9571530222892761,16
magnitude_ee_velocity,ee_velocity__mean,drawer,variant_A,V-JEPA A,0.9869479656219482,18
magnitude_ee_velocity,ee_velocity__mean,drawer,variant_B,V-JEPA B,0.9703041553497315,1
magnitude_ee_velocity,ee_velocity__mean,drawer,variant_A_videomae_large,VideoMAE A,0.9894661664962768,19
magnitude_ee_velocity,ee_velocity__mean,drawer,variant_B_videomae_large,VideoMAE B,0.9842400074005127,1
magnitude_ee_velocity,ee_velocity__mean,drawer,variant_A_dinov2_large,DINOv2 A,0.9779314517974853,22
magnitude_ee_velocity,ee_velocity__mean,reach,variant_A,V-JEPA A,0.9602576971054078,18
magnitude_ee_velocity,ee_velocity__mean,reach,variant_B,V-JEPA B,0.9089768886566162,4
magnitude_ee_velocity,ee_velocity__mean,reach,variant_A_videomae_large,VideoMAE A,,-1
magnitude_ee_velocity,ee_velocity__mean,reach,variant_B_videomae_large,VideoMAE B,,-1
magnitude_ee_velocity,ee_velocity__mean,reach,variant_A_dinov2_large,DINOv2 A,0.6615237832069397,21
magnitude_ee_velocity,ee_velocity__mean,peg_insert,variant_A,V-JEPA A,0.981604790687561,18
magnitude_ee_velocity,ee_velocity__mean,peg_insert,variant_B,V-JEPA B,,-1
magnitude_ee_velocity,ee_velocity__mean,peg_insert,variant_A_videomae_large,VideoMAE A,,-1
magnitude_ee_velocity,ee_velocity__mean,peg_insert,variant_B_videomae_large,VideoMAE B,,-1
magnitude_ee_velocity,ee_velocity__mean,peg_insert,variant_A_dinov2_large,DINOv2 A,0.8278597474098206,13
magnitude_ee_velocity,ee_velocity__mean,nut_thread,variant_A,V-JEPA A,0.9365172743797302,20
magnitude_ee_velocity,ee_velocity__mean,nut_thread,variant_B,V-JEPA B,,-1
magnitude_ee_velocity,ee_velocity__mean,nut_thread,variant_A_videomae_large,VideoMAE A,,-1
magnitude_ee_velocity,ee_velocity__mean,nut_thread,variant_B_videomae_large,VideoMAE B,,-1
magnitude_ee_velocity,ee_velocity__mean,nut_thread,variant_A_dinov2_large,DINOv2 A,0.4501088380813599,8
magnitude_ee_acceleration,ee_acceleration__peak_to_peak,push,variant_A,V-JEPA A,0.8015325427055359,17
magnitude_ee_acceleration,ee_acceleration__peak_to_peak,push,variant_B,V-JEPA B,0.8203524708747864,17
magnitude_ee_acceleration,ee_acceleration__peak_to_peak,push,variant_A_videomae_large,VideoMAE A,0.7740541100502014,21
magnitude_ee_acceleration,ee_acceleration__peak_to_peak,push,variant_B_videomae_large,VideoMAE B,0.800399386882782,22
magnitude_ee_acceleration,ee_acceleration__peak_to_peak,push,variant_A_dinov2_large,DINOv2 A,0.45074390172958373,20
magnitude_ee_acceleration,ee_acceleration__peak_to_peak,strike,variant_A,V-JEPA A,0.8861441612243652,20
magnitude_ee_acceleration,ee_acceleration__peak_to_peak,strike,variant_B,V-JEPA B,0.8335200071334838,5
magnitude_ee_acceleration,ee_acceleration__peak_to_peak,strike,variant_A_videomae_large,VideoMAE A,,-1
magnitude_ee_acceleration,ee_acceleration__peak_to_peak,strike,variant_B_videomae_large,VideoMAE B,,-1
magnitude_ee_acceleration,ee_acceleration__peak_to_peak,strike,variant_A_dinov2_large,DINOv2 A,0.7920145511627197,20
magnitude_ee_acceleration,ee_acceleration__peak_to_peak,drawer,variant_A,V-JEPA A,0.8779629707336426,17
magnitude_ee_acceleration,ee_acceleration__peak_to_peak,drawer,variant_B,V-JEPA B,0.8619995832443237,1
magnitude_ee_acceleration,ee_acceleration__peak_to_peak,drawer,variant_A_videomae_large,VideoMAE A,0.8787992596626282,19
magnitude_ee_acceleration,ee_acceleration__peak_to_peak,drawer,variant_B_videomae_large,VideoMAE B,0.8857528924942016,3
magnitude_ee_acceleration,ee_acceleration__peak_to_peak,drawer,variant_A_dinov2_large,DINOv2 A,0.8569559454917908,23
magnitude_ee_acceleration,ee_acceleration__peak_to_peak,reach,variant_A,V-JEPA A,0.8845596551895142,17
magnitude_ee_acceleration,ee_acceleration__peak_to_peak,reach,variant_B,V-JEPA B,0.8027884840965271,4
magnitude_ee_acceleration,ee_acceleration__peak_to_peak,reach,variant_A_videomae_large,VideoMAE A,,-1
magnitude_ee_acceleration,ee_acceleration__peak_to_peak,reach,variant_B_videomae_large,VideoMAE B,,-1
magnitude_ee_acceleration,ee_acceleration__peak_to_peak,reach,variant_A_dinov2_large,DINOv2 A,0.48153008222579957,21
magnitude_ee_acceleration,ee_acceleration__peak_to_peak,peg_insert,variant_A,V-JEPA A,0.8828428268432618,16
magnitude_ee_acceleration,ee_acceleration__peak_to_peak,peg_insert,variant_B,V-JEPA B,,-1
magnitude_ee_acceleration,ee_acceleration__peak_to_peak,peg_insert,variant_A_videomae_large,VideoMAE A,,-1
magnitude_ee_acceleration,ee_acceleration__peak_to_peak,peg_insert,variant_B_videomae_large,VideoMAE B,,-1
magnitude_ee_acceleration,ee_acceleration__peak_to_peak,peg_insert,variant_A_dinov2_large,DINOv2 A,0.6521058201789856,13
magnitude_ee_acceleration,ee_acceleration__peak_to_peak,nut_thread,variant_A,V-JEPA A,0.7836325168609619,17
magnitude_ee_acceleration,ee_acceleration__peak_to_peak,nut_thread,variant_B,V-JEPA B,,-1
magnitude_ee_acceleration,ee_acceleration__peak_to_peak,nut_thread,variant_A_videomae_large,VideoMAE A,,-1
magnitude_ee_acceleration,ee_acceleration__peak_to_peak,nut_thread,variant_B_videomae_large,VideoMAE B,,-1
magnitude_ee_acceleration,ee_acceleration__peak_to_peak,nut_thread,variant_A_dinov2_large,DINOv2 A,0.4153872489929199,8
magnitude_obj_velocity,obj_velocity__mean,push,variant_A,V-JEPA A,0.9330575823783874,21
magnitude_obj_velocity,obj_velocity__mean,push,variant_B,V-JEPA B,0.9239015698432922,19
magnitude_obj_velocity,obj_velocity__mean,push,variant_A_videomae_large,VideoMAE A,0.9038393497467041,19
magnitude_obj_velocity,obj_velocity__mean,push,variant_B_videomae_large,VideoMAE B,0.9015862941741943,22
magnitude_obj_velocity,obj_velocity__mean,push,variant_A_dinov2_large,DINOv2 A,0.7626172304153442,17
magnitude_obj_velocity,obj_velocity__mean,strike,variant_A,V-JEPA A,0.9269931077957153,21
magnitude_obj_velocity,obj_velocity__mean,strike,variant_B,V-JEPA B,0.825631320476532,4
magnitude_obj_velocity,obj_velocity__mean,strike,variant_A_videomae_large,VideoMAE A,,-1
magnitude_obj_velocity,obj_velocity__mean,strike,variant_B_videomae_large,VideoMAE B,,-1
magnitude_obj_velocity,obj_velocity__mean,strike,variant_A_dinov2_large,DINOv2 A,0.7913166403770446,21
magnitude_obj_velocity,obj_velocity__mean,drawer,variant_A,V-JEPA A,,-1
magnitude_obj_velocity,obj_velocity__mean,drawer,variant_B,V-JEPA B,,-1
magnitude_obj_velocity,obj_velocity__mean,drawer,variant_A_videomae_large,VideoMAE A,,-1
magnitude_obj_velocity,obj_velocity__mean,drawer,variant_B_videomae_large,VideoMAE B,,-1
magnitude_obj_velocity,obj_velocity__mean,drawer,variant_A_dinov2_large,DINOv2 A,,-1
magnitude_obj_velocity,obj_velocity__mean,reach,variant_A,V-JEPA A,,-1
magnitude_obj_velocity,obj_velocity__mean,reach,variant_B,V-JEPA B,,-1
magnitude_obj_velocity,obj_velocity__mean,reach,variant_A_videomae_large,VideoMAE A,,-1
magnitude_obj_velocity,obj_velocity__mean,reach,variant_B_videomae_large,VideoMAE B,,-1
magnitude_obj_velocity,obj_velocity__mean,reach,variant_A_dinov2_large,DINOv2 A,,-1
magnitude_obj_velocity,obj_velocity__mean,peg_insert,variant_A,V-JEPA A,,-1
magnitude_obj_velocity,obj_velocity__mean,peg_insert,variant_B,V-JEPA B,,-1
magnitude_obj_velocity,obj_velocity__mean,peg_insert,variant_A_videomae_large,VideoMAE A,,-1
magnitude_obj_velocity,obj_velocity__mean,peg_insert,variant_B_videomae_large,VideoMAE B,,-1
magnitude_obj_velocity,obj_velocity__mean,peg_insert,variant_A_dinov2_large,DINOv2 A,,-1
magnitude_obj_velocity,obj_velocity__mean,nut_thread,variant_A,V-JEPA A,,-1
magnitude_obj_velocity,obj_velocity__mean,nut_thread,variant_B,V-JEPA B,,-1
magnitude_obj_velocity,obj_velocity__mean,nut_thread,variant_A_videomae_large,VideoMAE A,,-1
magnitude_obj_velocity,obj_velocity__mean,nut_thread,variant_B_videomae_large,VideoMAE B,,-1
magnitude_obj_velocity,obj_velocity__mean,nut_thread,variant_A_dinov2_large,DINOv2 A,,-1
contact_occupancy,contact_flag__positive_fraction,push,variant_A,V-JEPA A,0.8670917272567749,21
contact_occupancy,contact_flag__positive_fraction,push,variant_B,V-JEPA B,0.856093966960907,21
contact_occupancy,contact_flag__positive_fraction,push,variant_A_videomae_large,VideoMAE A,0.8386543750762939,18
contact_occupancy,contact_flag__positive_fraction,push,variant_B_videomae_large,VideoMAE B,0.833228874206543,21
contact_occupancy,contact_flag__positive_fraction,push,variant_A_dinov2_large,DINOv2 A,0.819367241859436,21
contact_occupancy,contact_flag__positive_fraction,strike,variant_A,V-JEPA A,0.9513179659843445,23
contact_occupancy,contact_flag__positive_fraction,strike,variant_B,V-JEPA B,0.8174425601959229,3
contact_occupancy,contact_flag__positive_fraction,strike,variant_A_videomae_large,VideoMAE A,,-1
contact_occupancy,contact_flag__positive_fraction,strike,variant_B_videomae_large,VideoMAE B,,-1
contact_occupancy,contact_flag__positive_fraction,strike,variant_A_dinov2_large,DINOv2 A,0.911759102344513,20
contact_occupancy,contact_flag__positive_fraction,drawer,variant_A,V-JEPA A,0.9040351748466492,17
contact_occupancy,contact_flag__positive_fraction,drawer,variant_B,V-JEPA B,0.799979853630066,0
contact_occupancy,contact_flag__positive_fraction,drawer,variant_A_videomae_large,VideoMAE A,0.9218839526176452,4
contact_occupancy,contact_flag__positive_fraction,drawer,variant_B_videomae_large,VideoMAE B,0.9105466604232788,1
contact_occupancy,contact_flag__positive_fraction,drawer,variant_A_dinov2_large,DINOv2 A,0.8976152777671814,19
contact_occupancy,contact_flag__positive_fraction,reach,variant_A,V-JEPA A,,-1
contact_occupancy,contact_flag__positive_fraction,reach,variant_B,V-JEPA B,,-1
contact_occupancy,contact_flag__positive_fraction,reach,variant_A_videomae_large,VideoMAE A,,-1
contact_occupancy,contact_flag__positive_fraction,reach,variant_B_videomae_large,VideoMAE B,,-1
contact_occupancy,contact_flag__positive_fraction,reach,variant_A_dinov2_large,DINOv2 A,,-1
contact_occupancy,contact_flag__positive_fraction,peg_insert,variant_A,V-JEPA A,1.0,0
contact_occupancy,contact_flag__positive_fraction,peg_insert,variant_B,V-JEPA B,,-1
contact_occupancy,contact_flag__positive_fraction,peg_insert,variant_A_videomae_large,VideoMAE A,,-1
contact_occupancy,contact_flag__positive_fraction,peg_insert,variant_B_videomae_large,VideoMAE B,,-1
contact_occupancy,contact_flag__positive_fraction,peg_insert,variant_A_dinov2_large,DINOv2 A,1.0,0
contact_occupancy,contact_flag__positive_fraction,nut_thread,variant_A,V-JEPA A,1.0,0
contact_occupancy,contact_flag__positive_fraction,nut_thread,variant_B,V-JEPA B,,-1
contact_occupancy,contact_flag__positive_fraction,nut_thread,variant_A_videomae_large,VideoMAE A,,-1
contact_occupancy,contact_flag__positive_fraction,nut_thread,variant_B_videomae_large,VideoMAE B,,-1
contact_occupancy,contact_flag__positive_fraction,nut_thread,variant_A_dinov2_large,DINOv2 A,1.0,0
contact_force_integral,contact_force_log1p_mag__integral,push,variant_A,V-JEPA A,0.8504440903663635,21
contact_force_integral,contact_force_log1p_mag__integral,push,variant_B,V-JEPA B,0.8314271092414856,19
contact_force_integral,contact_force_log1p_mag__integral,push,variant_A_videomae_large,VideoMAE A,0.8157920241355896,21
contact_force_integral,contact_force_log1p_mag__integral,push,variant_B_videomae_large,VideoMAE B,0.8235828757286072,22
contact_force_integral,contact_force_log1p_mag__integral,push,variant_A_dinov2_large,DINOv2 A,0.7655067682266236,21
contact_force_integral,contact_force_log1p_mag__integral,strike,variant_A,V-JEPA A,0.939908790588379,21
contact_force_integral,contact_force_log1p_mag__integral,strike,variant_B,V-JEPA B,0.7898928999900818,3
contact_force_integral,contact_force_log1p_mag__integral,strike,variant_A_videomae_large,VideoMAE A,,-1
contact_force_integral,contact_force_log1p_mag__integral,strike,variant_B_videomae_large,VideoMAE B,,-1
contact_force_integral,contact_force_log1p_mag__integral,strike,variant_A_dinov2_large,DINOv2 A,0.8758320093154908,20
contact_force_integral,contact_force_log1p_mag__integral,drawer,variant_A,V-JEPA A,0.9091320753097534,18
contact_force_integral,contact_force_log1p_mag__integral,drawer,variant_B,V-JEPA B,0.8195731043815613,1
contact_force_integral,contact_force_log1p_mag__integral,drawer,variant_A_videomae_large,VideoMAE A,0.9203875899314881,19
contact_force_integral,contact_force_log1p_mag__integral,drawer,variant_B_videomae_large,VideoMAE B,0.9040096402168274,3
contact_force_integral,contact_force_log1p_mag__integral,drawer,variant_A_dinov2_large,DINOv2 A,0.8646925091743469,20
contact_force_integral,contact_force_log1p_mag__integral,reach,variant_A,V-JEPA A,,-1
contact_force_integral,contact_force_log1p_mag__integral,reach,variant_B,V-JEPA B,,-1
contact_force_integral,contact_force_log1p_mag__integral,reach,variant_A_videomae_large,VideoMAE A,,-1
contact_force_integral,contact_force_log1p_mag__integral,reach,variant_B_videomae_large,VideoMAE B,,-1
contact_force_integral,contact_force_log1p_mag__integral,reach,variant_A_dinov2_large,DINOv2 A,,-1
contact_force_integral,contact_force_log1p_mag__integral,peg_insert,variant_A,V-JEPA A,0.8905735850334168,22
contact_force_integral,contact_force_log1p_mag__integral,peg_insert,variant_B,V-JEPA B,,-1
contact_force_integral,contact_force_log1p_mag__integral,peg_insert,variant_A_videomae_large,VideoMAE A,,-1
contact_force_integral,contact_force_log1p_mag__integral,peg_insert,variant_B_videomae_large,VideoMAE B,,-1
contact_force_integral,contact_force_log1p_mag__integral,peg_insert,variant_A_dinov2_large,DINOv2 A,0.7908620357513427,17
contact_force_integral,contact_force_log1p_mag__integral,nut_thread,variant_A,V-JEPA A,0.6077120304107666,20
contact_force_integral,contact_force_log1p_mag__integral,nut_thread,variant_B,V-JEPA B,,-1
contact_force_integral,contact_force_log1p_mag__integral,nut_thread,variant_A_videomae_large,VideoMAE A,,-1
contact_force_integral,contact_force_log1p_mag__integral,nut_thread,variant_B_videomae_large,VideoMAE B,,-1
contact_force_integral,contact_force_log1p_mag__integral,nut_thread,variant_A_dinov2_large,DINOv2 A,0.42838435173034667,8
timing_velocity,ee_velocity__peak_time_frac,push,variant_A,V-JEPA A,0.6448979020118714,20
timing_velocity,ee_velocity__peak_time_frac,push,variant_B,V-JEPA B,0.6867489814758301,19
timing_velocity,ee_velocity__peak_time_frac,push,variant_A_videomae_large,VideoMAE A,0.6216317296028138,20
timing_velocity,ee_velocity__peak_time_frac,push,variant_B_videomae_large,VideoMAE B,0.6797631978988647,22
timing_velocity,ee_velocity__peak_time_frac,push,variant_A_dinov2_large,DINOv2 A,0.5640344381332397,17
timing_velocity,ee_velocity__peak_time_frac,strike,variant_A,V-JEPA A,0.6977169990539551,17
timing_velocity,ee_velocity__peak_time_frac,strike,variant_B,V-JEPA B,0.6494345545768738,4
timing_velocity,ee_velocity__peak_time_frac,strike,variant_A_videomae_large,VideoMAE A,,-1
timing_velocity,ee_velocity__peak_time_frac,strike,variant_B_videomae_large,VideoMAE B,,-1
timing_velocity,ee_velocity__peak_time_frac,strike,variant_A_dinov2_large,DINOv2 A,0.612202787399292,20
timing_velocity,ee_velocity__peak_time_frac,drawer,variant_A,V-JEPA A,0.2180852890014648,16
timing_velocity,ee_velocity__peak_time_frac,drawer,variant_B,V-JEPA B,0.21289768218994137,1
timing_velocity,ee_velocity__peak_time_frac,drawer,variant_A_videomae_large,VideoMAE A,0.21496032476425167,14
timing_velocity,ee_velocity__peak_time_frac,drawer,variant_B_videomae_large,VideoMAE B,0.2697831034660339,1
timing_velocity,ee_velocity__peak_time_frac,drawer,variant_A_dinov2_large,DINOv2 A,0.17118184566497802,3
timing_velocity,ee_velocity__peak_time_frac,reach,variant_A,V-JEPA A,0.30283395051956175,14
timing_velocity,ee_velocity__peak_time_frac,reach,variant_B,V-JEPA B,0.20108561515808102,3
timing_velocity,ee_velocity__peak_time_frac,reach,variant_A_videomae_large,VideoMAE A,,-1
timing_velocity,ee_velocity__peak_time_frac,reach,variant_B_videomae_large,VideoMAE B,,-1
timing_velocity,ee_velocity__peak_time_frac,reach,variant_A_dinov2_large,DINOv2 A,0.19740831851959229,17
timing_velocity,ee_velocity__peak_time_frac,peg_insert,variant_A,V-JEPA A,0.13530054092407223,18
timing_velocity,ee_velocity__peak_time_frac,peg_insert,variant_B,V-JEPA B,,-1
timing_velocity,ee_velocity__peak_time_frac,peg_insert,variant_A_videomae_large,VideoMAE A,,-1
timing_velocity,ee_velocity__peak_time_frac,peg_insert,variant_B_videomae_large,VideoMAE B,,-1
timing_velocity,ee_velocity__peak_time_frac,peg_insert,variant_A_dinov2_large,DINOv2 A,0.03441025018692012,17
timing_velocity,ee_velocity__peak_time_frac,nut_thread,variant_A,V-JEPA A,0.1023080229759216,18
timing_velocity,ee_velocity__peak_time_frac,nut_thread,variant_B,V-JEPA B,,-1
timing_velocity,ee_velocity__peak_time_frac,nut_thread,variant_A_videomae_large,VideoMAE A,,-1
timing_velocity,ee_velocity__peak_time_frac,nut_thread,variant_B_videomae_large,VideoMAE B,,-1
timing_velocity,ee_velocity__peak_time_frac,nut_thread,variant_A_dinov2_large,DINOv2 A,0.02741465568542476,8
timing_first_event,contact_flag__first_event_time_frac,push,variant_A,V-JEPA A,0.8608716249465942,21
timing_first_event,contact_flag__first_event_time_frac,push,variant_B,V-JEPA B,0.8581495881080627,21
timing_first_event,contact_flag__first_event_time_frac,push,variant_A_videomae_large,VideoMAE A,0.8405845165252686,19
timing_first_event,contact_flag__first_event_time_frac,push,variant_B_videomae_large,VideoMAE B,0.8418863892555237,22
timing_first_event,contact_flag__first_event_time_frac,push,variant_A_dinov2_large,DINOv2 A,0.8475810050964355,21
timing_first_event,contact_flag__first_event_time_frac,strike,variant_A,V-JEPA A,0.9080853819847107,20
timing_first_event,contact_flag__first_event_time_frac,strike,variant_B,V-JEPA B,0.8093684434890747,3
timing_first_event,contact_flag__first_event_time_frac,strike,variant_A_videomae_large,VideoMAE A,,-1
timing_first_event,contact_flag__first_event_time_frac,strike,variant_B_videomae_large,VideoMAE B,,-1
timing_first_event,contact_flag__first_event_time_frac,strike,variant_A_dinov2_large,DINOv2 A,0.8835270285606385,21
timing_first_event,contact_flag__first_event_time_frac,drawer,variant_A,V-JEPA A,0.829759132862091,14
timing_first_event,contact_flag__first_event_time_frac,drawer,variant_B,V-JEPA B,0.7733361840248107,1
timing_first_event,contact_flag__first_event_time_frac,drawer,variant_A_videomae_large,VideoMAE A,0.8518566966056824,6
timing_first_event,contact_flag__first_event_time_frac,drawer,variant_B_videomae_large,VideoMAE B,0.8666469097137451,1
timing_first_event,contact_flag__first_event_time_frac,drawer,variant_A_dinov2_large,DINOv2 A,0.8172314524650574,14
timing_first_event,contact_flag__first_event_time_frac,reach,variant_A,V-JEPA A,,-1
timing_first_event,contact_flag__first_event_time_frac,reach,variant_B,V-JEPA B,,-1
timing_first_event,contact_flag__first_event_time_frac,reach,variant_A_videomae_large,VideoMAE A,,-1
timing_first_event,contact_flag__first_event_time_frac,reach,variant_B_videomae_large,VideoMAE B,,-1
timing_first_event,contact_flag__first_event_time_frac,reach,variant_A_dinov2_large,DINOv2 A,,-1
timing_first_event,contact_flag__first_event_time_frac,peg_insert,variant_A,V-JEPA A,0.6,0
timing_first_event,contact_flag__first_event_time_frac,peg_insert,variant_B,V-JEPA B,,-1
timing_first_event,contact_flag__first_event_time_frac,peg_insert,variant_A_videomae_large,VideoMAE A,,-1
timing_first_event,contact_flag__first_event_time_frac,peg_insert,variant_B_videomae_large,VideoMAE B,,-1
timing_first_event,contact_flag__first_event_time_frac,peg_insert,variant_A_dinov2_large,DINOv2 A,0.0,0
timing_first_event,contact_flag__first_event_time_frac,nut_thread,variant_A,V-JEPA A,1.0,0
timing_first_event,contact_flag__first_event_time_frac,nut_thread,variant_B,V-JEPA B,,-1
timing_first_event,contact_flag__first_event_time_frac,nut_thread,variant_A_videomae_large,VideoMAE A,,-1
timing_first_event,contact_flag__first_event_time_frac,nut_thread,variant_B_videomae_large,VideoMAE B,,-1
timing_first_event,contact_flag__first_event_time_frac,nut_thread,variant_A_dinov2_large,DINOv2 A,0.8,0
