bin,layer,target,fold,r2,n_train_episodes,n_test_episodes,n_test_windows
low,0,ee_velocity,0,0.18533475697040558,655,164,21156
low,0,ee_velocity,1,0.16730991005897522,655,164,21156
low,0,ee_velocity,2,0.18963736295700073,655,164,21156
low,0,ee_velocity,3,0.16758990287780762,655,164,21156
low,0,ee_velocity,4,0.16842691600322723,656,163,21027
low,0,ee_acceleration,0,0.061633650213479996,655,164,21156
low,0,ee_acceleration,1,0.05049128830432892,655,164,21156
low,0,ee_acceleration,2,0.06097116693854332,655,164,21156
low,0,ee_acceleration,3,0.0489535927772522,655,164,21156
low,0,ee_acceleration,4,0.0577247180044651,656,163,21027
low,0,contact_flag,0,1.0,655,164,21156
low,0,contact_flag,1,1.0,655,164,21156
low,0,contact_flag,2,1.0,655,164,21156
low,0,contact_flag,3,1.0,655,164,21156
low,0,contact_flag,4,1.0,656,163,21027
low,0,contact_force_log1p_mag,0,0.24472856521606445,655,164,21156
low,0,contact_force_log1p_mag,1,0.26596468687057495,655,164,21156
low,0,contact_force_log1p_mag,2,0.24708235263824463,655,164,21156
low,0,contact_force_log1p_mag,3,0.2352624535560608,655,164,21156
low,0,contact_force_log1p_mag,4,0.24196678400039673,656,163,21027
low,1,ee_velocity,0,0.28066372871398926,655,164,21156
low,1,ee_velocity,1,0.23808902502059937,655,164,21156
low,1,ee_velocity,2,0.2838382124900818,655,164,21156
low,1,ee_velocity,3,0.2513975501060486,655,164,21156
low,1,ee_velocity,4,0.22469943761825562,656,163,21027
low,1,ee_acceleration,0,0.08977159857749939,655,164,21156
low,1,ee_acceleration,1,0.07358833402395248,655,164,21156
low,1,ee_acceleration,2,0.08551368862390518,655,164,21156
low,1,ee_acceleration,3,0.0626780241727829,655,164,21156
low,1,ee_acceleration,4,0.08573371171951294,656,163,21027
low,1,contact_flag,0,1.0,655,164,21156
low,1,contact_flag,1,1.0,655,164,21156
low,1,contact_flag,2,1.0,655,164,21156
low,1,contact_flag,3,1.0,655,164,21156
low,1,contact_flag,4,1.0,656,163,21027
low,1,contact_force_log1p_mag,0,0.38815051317214966,655,164,21156
low,1,contact_force_log1p_mag,1,0.36570483446121216,655,164,21156
low,1,contact_force_log1p_mag,2,0.37556254863739014,655,164,21156
low,1,contact_force_log1p_mag,3,0.35454851388931274,655,164,21156
low,1,contact_force_log1p_mag,4,0.3548181653022766,656,163,21027
low,2,ee_velocity,0,0.28997802734375,655,164,21156
low,2,ee_velocity,1,0.2919987142086029,655,164,21156
low,2,ee_velocity,2,0.3107640743255615,655,164,21156
low,2,ee_velocity,3,0.28267648816108704,655,164,21156
low,2,ee_velocity,4,0.2727043032646179,656,163,21027
low,2,ee_acceleration,0,0.11328373104333878,655,164,21156
low,2,ee_acceleration,1,0.08789266645908356,655,164,21156
low,2,ee_acceleration,2,0.1121649369597435,655,164,21156
low,2,ee_acceleration,3,0.08134631812572479,655,164,21156
low,2,ee_acceleration,4,0.11283613741397858,656,163,21027
low,2,contact_flag,0,1.0,655,164,21156
low,2,contact_flag,1,1.0,655,164,21156
low,2,contact_flag,2,1.0,655,164,21156
low,2,contact_flag,3,1.0,655,164,21156
low,2,contact_flag,4,1.0,656,163,21027
low,2,contact_force_log1p_mag,0,0.40012019872665405,655,164,21156
low,2,contact_force_log1p_mag,1,0.38025957345962524,655,164,21156
low,2,contact_force_log1p_mag,2,0.3854285478591919,655,164,21156
low,2,contact_force_log1p_mag,3,0.3715805411338806,655,164,21156
low,2,contact_force_log1p_mag,4,0.38622814416885376,656,163,21027
low,3,ee_velocity,0,0.4896793067455292,655,164,21156
low,3,ee_velocity,1,0.46090713143348694,655,164,21156
low,3,ee_velocity,2,0.5032779574394226,655,164,21156
low,3,ee_velocity,3,0.4790067672729492,655,164,21156
low,3,ee_velocity,4,0.4776234030723572,656,163,21027
low,3,ee_acceleration,0,0.19173668324947357,655,164,21156
low,3,ee_acceleration,1,0.18079091608524323,655,164,21156
low,3,ee_acceleration,2,0.19720099866390228,655,164,21156
low,3,ee_acceleration,3,0.16171500086784363,655,164,21156
low,3,ee_acceleration,4,0.18591715395450592,656,163,21027
low,3,contact_flag,0,1.0,655,164,21156
low,3,contact_flag,1,1.0,655,164,21156
low,3,contact_flag,2,1.0,655,164,21156
low,3,contact_flag,3,1.0,655,164,21156
low,3,contact_flag,4,1.0,656,163,21027
low,3,contact_force_log1p_mag,0,0.4016779661178589,655,164,21156
low,3,contact_force_log1p_mag,1,0.4005430340766907,655,164,21156
low,3,contact_force_log1p_mag,2,0.3938114047050476,655,164,21156
low,3,contact_force_log1p_mag,3,0.388103187084198,655,164,21156
low,3,contact_force_log1p_mag,4,0.3923538327217102,656,163,21027
low,4,ee_velocity,0,0.5325080156326294,655,164,21156
low,4,ee_velocity,1,0.5046422481536865,655,164,21156
low,4,ee_velocity,2,0.5395475029945374,655,164,21156
low,4,ee_velocity,3,0.509451150894165,655,164,21156
low,4,ee_velocity,4,0.5064703226089478,656,163,21027
low,4,ee_acceleration,0,0.19578023254871368,655,164,21156
low,4,ee_acceleration,1,0.18563885986804962,655,164,21156
low,4,ee_acceleration,2,0.19511283934116364,655,164,21156
low,4,ee_acceleration,3,0.16768264770507812,655,164,21156
low,4,ee_acceleration,4,0.19019338488578796,656,163,21027
low,4,contact_flag,0,1.0,655,164,21156
low,4,contact_flag,1,1.0,655,164,21156
low,4,contact_flag,2,1.0,655,164,21156
low,4,contact_flag,3,1.0,655,164,21156
low,4,contact_flag,4,1.0,656,163,21027
low,4,contact_force_log1p_mag,0,0.41098135709762573,655,164,21156
low,4,contact_force_log1p_mag,1,0.41867125034332275,655,164,21156
low,4,contact_force_log1p_mag,2,0.4021618366241455,655,164,21156
low,4,contact_force_log1p_mag,3,0.3872781991958618,655,164,21156
low,4,contact_force_log1p_mag,4,0.3865159749984741,656,163,21027
low,5,ee_velocity,0,0.5961534380912781,655,164,21156
low,5,ee_velocity,1,0.5726733207702637,655,164,21156
low,5,ee_velocity,2,0.5970835089683533,655,164,21156
low,5,ee_velocity,3,0.5762423276901245,655,164,21156
low,5,ee_velocity,4,0.5839732885360718,656,163,21027
low,5,ee_acceleration,0,0.23254480957984924,655,164,21156
low,5,ee_acceleration,1,0.21809427440166473,655,164,21156
low,5,ee_acceleration,2,0.2301698476076126,655,164,21156
low,5,ee_acceleration,3,0.20483866333961487,655,164,21156
low,5,ee_acceleration,4,0.22927741706371307,656,163,21027
low,5,contact_flag,0,1.0,655,164,21156
low,5,contact_flag,1,1.0,655,164,21156
low,5,contact_flag,2,1.0,655,164,21156
low,5,contact_flag,3,1.0,655,164,21156
low,5,contact_flag,4,1.0,656,163,21027
low,5,contact_force_log1p_mag,0,0.40917932987213135,655,164,21156
low,5,contact_force_log1p_mag,1,0.4248991012573242,655,164,21156
low,5,contact_force_log1p_mag,2,0.4050399661064148,655,164,21156
low,5,contact_force_log1p_mag,3,0.39858055114746094,655,164,21156
low,5,contact_force_log1p_mag,4,0.38146770000457764,656,163,21027
low,6,ee_velocity,0,0.6442815065383911,655,164,21156
low,6,ee_velocity,1,0.6199849843978882,655,164,21156
low,6,ee_velocity,2,0.6426458358764648,655,164,21156
low,6,ee_velocity,3,0.6340793967247009,655,164,21156
low,6,ee_velocity,4,0.619493842124939,656,163,21027
low,6,ee_acceleration,0,0.265627384185791,655,164,21156
low,6,ee_acceleration,1,0.2489965707063675,655,164,21156
low,6,ee_acceleration,2,0.26674365997314453,655,164,21156
low,6,ee_acceleration,3,0.23629175126552582,655,164,21156
low,6,ee_acceleration,4,0.2544015944004059,656,163,21027
low,6,contact_flag,0,1.0,655,164,21156
low,6,contact_flag,1,1.0,655,164,21156
low,6,contact_flag,2,1.0,655,164,21156
low,6,contact_flag,3,1.0,655,164,21156
low,6,contact_flag,4,1.0,656,163,21027
low,6,contact_force_log1p_mag,0,0.4160683751106262,655,164,21156
low,6,contact_force_log1p_mag,1,0.4282020926475525,655,164,21156
low,6,contact_force_log1p_mag,2,0.4060118794441223,655,164,21156
low,6,contact_force_log1p_mag,3,0.4011492133140564,655,164,21156
low,6,contact_force_log1p_mag,4,0.3786184787750244,656,163,21027
low,7,ee_velocity,0,0.7068867683410645,655,164,21156
low,7,ee_velocity,1,0.6822356581687927,655,164,21156
low,7,ee_velocity,2,0.6997419595718384,655,164,21156
low,7,ee_velocity,3,0.6941941380500793,655,164,21156
low,7,ee_velocity,4,0.6799046993255615,656,163,21027
low,7,ee_acceleration,0,0.2795357406139374,655,164,21156
low,7,ee_acceleration,1,0.2614785432815552,655,164,21156
low,7,ee_acceleration,2,0.2744959890842438,655,164,21156
low,7,ee_acceleration,3,0.23956382274627686,655,164,21156
low,7,ee_acceleration,4,0.26806730031967163,656,163,21027
low,7,contact_flag,0,1.0,655,164,21156
low,7,contact_flag,1,1.0,655,164,21156
low,7,contact_flag,2,1.0,655,164,21156
low,7,contact_flag,3,1.0,655,164,21156
low,7,contact_flag,4,1.0,656,163,21027
low,7,contact_force_log1p_mag,0,0.4163399934768677,655,164,21156
low,7,contact_force_log1p_mag,1,0.42365938425064087,655,164,21156
low,7,contact_force_log1p_mag,2,0.4207072854042053,655,164,21156
low,7,contact_force_log1p_mag,3,0.4094699025154114,655,164,21156
low,7,contact_force_log1p_mag,4,0.3757858872413635,656,163,21027
low,8,ee_velocity,0,0.6945233941078186,655,164,21156
low,8,ee_velocity,1,0.6738707423210144,655,164,21156
low,8,ee_velocity,2,0.6901074647903442,655,164,21156
low,8,ee_velocity,3,0.6829964518547058,655,164,21156
low,8,ee_velocity,4,0.6699621081352234,656,163,21027
low,8,ee_acceleration,0,0.2744780480861664,655,164,21156
low,8,ee_acceleration,1,0.2593827545642853,655,164,21156
low,8,ee_acceleration,2,0.27155178785324097,655,164,21156
low,8,ee_acceleration,3,0.24906055629253387,655,164,21156
low,8,ee_acceleration,4,0.27063053846359253,656,163,21027
low,8,contact_flag,0,1.0,655,164,21156
low,8,contact_flag,1,1.0,655,164,21156
low,8,contact_flag,2,1.0,655,164,21156
low,8,contact_flag,3,1.0,655,164,21156
low,8,contact_flag,4,1.0,656,163,21027
low,8,contact_force_log1p_mag,0,0.41901397705078125,655,164,21156
low,8,contact_force_log1p_mag,1,0.4288046360015869,655,164,21156
low,8,contact_force_log1p_mag,2,0.42046087980270386,655,164,21156
low,8,contact_force_log1p_mag,3,0.42354536056518555,655,164,21156
low,8,contact_force_log1p_mag,4,0.3981509804725647,656,163,21027
low,9,ee_velocity,0,0.708488404750824,655,164,21156
low,9,ee_velocity,1,0.6830682158470154,655,164,21156
low,9,ee_velocity,2,0.6981483101844788,655,164,21156
low,9,ee_velocity,3,0.6861551403999329,655,164,21156
low,9,ee_velocity,4,0.6753292083740234,656,163,21027
low,9,ee_acceleration,0,0.30718812346458435,655,164,21156
low,9,ee_acceleration,1,0.2770722210407257,655,164,21156
low,9,ee_acceleration,2,0.2967478334903717,655,164,21156
low,9,ee_acceleration,3,0.27564647793769836,655,164,21156
low,9,ee_acceleration,4,0.2966623604297638,656,163,21027
low,9,contact_flag,0,1.0,655,164,21156
low,9,contact_flag,1,1.0,655,164,21156
low,9,contact_flag,2,1.0,655,164,21156
low,9,contact_flag,3,1.0,655,164,21156
low,9,contact_flag,4,1.0,656,163,21027
low,9,contact_force_log1p_mag,0,0.4282200336456299,655,164,21156
low,9,contact_force_log1p_mag,1,0.4338289499282837,655,164,21156
low,9,contact_force_log1p_mag,2,0.4244077205657959,655,164,21156
low,9,contact_force_log1p_mag,3,0.4213940501213074,655,164,21156
low,9,contact_force_log1p_mag,4,0.4074857234954834,656,163,21027
low,10,ee_velocity,0,0.7151508331298828,655,164,21156
low,10,ee_velocity,1,0.6967481970787048,655,164,21156
low,10,ee_velocity,2,0.7093252539634705,655,164,21156
low,10,ee_velocity,3,0.6990485191345215,655,164,21156
low,10,ee_velocity,4,0.688769519329071,656,163,21027
low,10,ee_acceleration,0,0.31134161353111267,655,164,21156
low,10,ee_acceleration,1,0.28512412309646606,655,164,21156
low,10,ee_acceleration,2,0.3073921501636505,655,164,21156
low,10,ee_acceleration,3,0.2762022912502289,655,164,21156
low,10,ee_acceleration,4,0.2955973744392395,656,163,21027
low,10,contact_flag,0,1.0,655,164,21156
low,10,contact_flag,1,1.0,655,164,21156
low,10,contact_flag,2,1.0,655,164,21156
low,10,contact_flag,3,1.0,655,164,21156
low,10,contact_flag,4,1.0,656,163,21027
low,10,contact_force_log1p_mag,0,0.43909889459609985,655,164,21156
low,10,contact_force_log1p_mag,1,0.44815266132354736,655,164,21156
low,10,contact_force_log1p_mag,2,0.4277770519256592,655,164,21156
low,10,contact_force_log1p_mag,3,0.4293655753135681,655,164,21156
low,10,contact_force_log1p_mag,4,0.40877121686935425,656,163,21027
low,11,ee_velocity,0,0.725238561630249,655,164,21156
low,11,ee_velocity,1,0.7039110660552979,655,164,21156
low,11,ee_velocity,2,0.7133545279502869,655,164,21156
low,11,ee_velocity,3,0.7133104205131531,655,164,21156
low,11,ee_velocity,4,0.6980475783348083,656,163,21027
low,11,ee_acceleration,0,0.3090570867061615,655,164,21156
low,11,ee_acceleration,1,0.2892170250415802,655,164,21156
low,11,ee_acceleration,2,0.31429359316825867,655,164,21156
low,11,ee_acceleration,3,0.2814715504646301,655,164,21156
low,11,ee_acceleration,4,0.2953738272190094,656,163,21027
low,11,contact_flag,0,1.0,655,164,21156
low,11,contact_flag,1,1.0,655,164,21156
low,11,contact_flag,2,1.0,655,164,21156
low,11,contact_flag,3,1.0,655,164,21156
low,11,contact_flag,4,1.0,656,163,21027
low,11,contact_force_log1p_mag,0,0.4462703466415405,655,164,21156
low,11,contact_force_log1p_mag,1,0.44191455841064453,655,164,21156
low,11,contact_force_log1p_mag,2,0.4357815384864807,655,164,21156
low,11,contact_force_log1p_mag,3,0.4271179437637329,655,164,21156
low,11,contact_force_log1p_mag,4,0.4206554889678955,656,163,21027
low,12,ee_velocity,0,0.7043635249137878,655,164,21156
low,12,ee_velocity,1,0.687886118888855,655,164,21156
low,12,ee_velocity,2,0.6998717784881592,655,164,21156
low,12,ee_velocity,3,0.69432532787323,655,164,21156
low,12,ee_velocity,4,0.6774471998214722,656,163,21027
low,12,ee_acceleration,0,0.3035593032836914,655,164,21156
low,12,ee_acceleration,1,0.2874308228492737,655,164,21156
low,12,ee_acceleration,2,0.29749423265457153,655,164,21156
low,12,ee_acceleration,3,0.27359503507614136,655,164,21156
low,12,ee_acceleration,4,0.2971884310245514,656,163,21027
low,12,contact_flag,0,1.0,655,164,21156
low,12,contact_flag,1,1.0,655,164,21156
low,12,contact_flag,2,1.0,655,164,21156
low,12,contact_flag,3,1.0,655,164,21156
low,12,contact_flag,4,1.0,656,163,21027
low,12,contact_force_log1p_mag,0,0.4435988664627075,655,164,21156
low,12,contact_force_log1p_mag,1,0.45003795623779297,655,164,21156
low,12,contact_force_log1p_mag,2,0.4383333921432495,655,164,21156
low,12,contact_force_log1p_mag,3,0.43259501457214355,655,164,21156
low,12,contact_force_log1p_mag,4,0.41900861263275146,656,163,21027
low,13,ee_velocity,0,0.7302895188331604,655,164,21156
low,13,ee_velocity,1,0.7114272713661194,655,164,21156
low,13,ee_velocity,2,0.7263951301574707,655,164,21156
low,13,ee_velocity,3,0.7209259867668152,655,164,21156
low,13,ee_velocity,4,0.7049129009246826,656,163,21027
low,13,ee_acceleration,0,0.36091992259025574,655,164,21156
low,13,ee_acceleration,1,0.34097498655319214,655,164,21156
low,13,ee_acceleration,2,0.35853394865989685,655,164,21156
low,13,ee_acceleration,3,0.3253173232078552,655,164,21156
low,13,ee_acceleration,4,0.35326236486434937,656,163,21027
low,13,contact_flag,0,1.0,655,164,21156
low,13,contact_flag,1,1.0,655,164,21156
low,13,contact_flag,2,1.0,655,164,21156
low,13,contact_flag,3,1.0,655,164,21156
low,13,contact_flag,4,1.0,656,163,21027
low,13,contact_force_log1p_mag,0,0.460777223110199,655,164,21156
low,13,contact_force_log1p_mag,1,0.45985138416290283,655,164,21156
low,13,contact_force_log1p_mag,2,0.45657962560653687,655,164,21156
low,13,contact_force_log1p_mag,3,0.4414660930633545,655,164,21156
low,13,contact_force_log1p_mag,4,0.4378061890602112,656,163,21027
low,14,ee_velocity,0,0.746472179889679,655,164,21156
low,14,ee_velocity,1,0.7296434640884399,655,164,21156
low,14,ee_velocity,2,0.7455443739891052,655,164,21156
low,14,ee_velocity,3,0.7410630583763123,655,164,21156
low,14,ee_velocity,4,0.7201672792434692,656,163,21027
low,14,ee_acceleration,0,0.3652063310146332,655,164,21156
low,14,ee_acceleration,1,0.3433511555194855,655,164,21156
low,14,ee_acceleration,2,0.35640013217926025,655,164,21156
low,14,ee_acceleration,3,0.3284684717655182,655,164,21156
low,14,ee_acceleration,4,0.35607069730758667,656,163,21027
low,14,contact_flag,0,1.0,655,164,21156
low,14,contact_flag,1,1.0,655,164,21156
low,14,contact_flag,2,1.0,655,164,21156
low,14,contact_flag,3,1.0,655,164,21156
low,14,contact_flag,4,1.0,656,163,21027
low,14,contact_force_log1p_mag,0,0.46265560388565063,655,164,21156
low,14,contact_force_log1p_mag,1,0.4726530909538269,655,164,21156
low,14,contact_force_log1p_mag,2,0.4583437442779541,655,164,21156
low,14,contact_force_log1p_mag,3,0.4538803696632385,655,164,21156
low,14,contact_force_log1p_mag,4,0.44630467891693115,656,163,21027
low,15,ee_velocity,0,0.7981302738189697,655,164,21156
low,15,ee_velocity,1,0.7834520936012268,655,164,21156
low,15,ee_velocity,2,0.7981223464012146,655,164,21156
low,15,ee_velocity,3,0.7893049716949463,655,164,21156
low,15,ee_velocity,4,0.7791674137115479,656,163,21027
low,15,ee_acceleration,0,0.38027089834213257,655,164,21156
low,15,ee_acceleration,1,0.35657644271850586,655,164,21156
low,15,ee_acceleration,2,0.37577512860298157,655,164,21156
low,15,ee_acceleration,3,0.3508146405220032,655,164,21156
low,15,ee_acceleration,4,0.3706281781196594,656,163,21027
low,15,contact_flag,0,1.0,655,164,21156
low,15,contact_flag,1,1.0,655,164,21156
low,15,contact_flag,2,1.0,655,164,21156
low,15,contact_flag,3,1.0,655,164,21156
low,15,contact_flag,4,1.0,656,163,21027
low,15,contact_force_log1p_mag,0,0.4747745394706726,655,164,21156
low,15,contact_force_log1p_mag,1,0.4749544858932495,655,164,21156
low,15,contact_force_log1p_mag,2,0.46129345893859863,655,164,21156
low,15,contact_force_log1p_mag,3,0.4703378677368164,655,164,21156
low,15,contact_force_log1p_mag,4,0.4598383903503418,656,163,21027
low,16,ee_velocity,0,0.8124766945838928,655,164,21156
low,16,ee_velocity,1,0.8044666647911072,655,164,21156
low,16,ee_velocity,2,0.8141589760780334,655,164,21156
low,16,ee_velocity,3,0.806168794631958,655,164,21156
low,16,ee_velocity,4,0.7961562871932983,656,163,21027
low,16,ee_acceleration,0,0.38017192482948303,655,164,21156
low,16,ee_acceleration,1,0.36193251609802246,655,164,21156
low,16,ee_acceleration,2,0.3824770152568817,655,164,21156
low,16,ee_acceleration,3,0.3535918593406677,655,164,21156
low,16,ee_acceleration,4,0.38022172451019287,656,163,21027
low,16,contact_flag,0,1.0,655,164,21156
low,16,contact_flag,1,1.0,655,164,21156
low,16,contact_flag,2,1.0,655,164,21156
low,16,contact_flag,3,1.0,655,164,21156
low,16,contact_flag,4,1.0,656,163,21027
low,16,contact_force_log1p_mag,0,0.4730513095855713,655,164,21156
low,16,contact_force_log1p_mag,1,0.47264713048934937,655,164,21156
low,16,contact_force_log1p_mag,2,0.4672885537147522,655,164,21156
low,16,contact_force_log1p_mag,3,0.46389102935791016,655,164,21156
low,16,contact_force_log1p_mag,4,0.46168285608291626,656,163,21027
low,17,ee_velocity,0,0.8364366292953491,655,164,21156
low,17,ee_velocity,1,0.8273533582687378,655,164,21156
low,17,ee_velocity,2,0.8425775766372681,655,164,21156
low,17,ee_velocity,3,0.8340339660644531,655,164,21156
low,17,ee_velocity,4,0.823756217956543,656,163,21027
low,17,ee_acceleration,0,0.4015516936779022,655,164,21156
low,17,ee_acceleration,1,0.387805312871933,655,164,21156
low,17,ee_acceleration,2,0.40143686532974243,655,164,21156
low,17,ee_acceleration,3,0.3592393696308136,655,164,21156
low,17,ee_acceleration,4,0.3934018909931183,656,163,21027
low,17,contact_flag,0,1.0,655,164,21156
low,17,contact_flag,1,1.0,655,164,21156
low,17,contact_flag,2,1.0,655,164,21156
low,17,contact_flag,3,1.0,655,164,21156
low,17,contact_flag,4,1.0,656,163,21027
low,17,contact_force_log1p_mag,0,0.4783545732498169,655,164,21156
low,17,contact_force_log1p_mag,1,0.47376102209091187,655,164,21156
low,17,contact_force_log1p_mag,2,0.4740797281265259,655,164,21156
low,17,contact_force_log1p_mag,3,0.4708174467086792,655,164,21156
low,17,contact_force_log1p_mag,4,0.466532826423645,656,163,21027
low,18,ee_velocity,0,0.8375760912895203,655,164,21156
low,18,ee_velocity,1,0.830353856086731,655,164,21156
low,18,ee_velocity,2,0.843524694442749,655,164,21156
low,18,ee_velocity,3,0.8372624516487122,655,164,21156
low,18,ee_velocity,4,0.8259169459342957,656,163,21027
low,18,ee_acceleration,0,0.40314552187919617,655,164,21156
low,18,ee_acceleration,1,0.3854467272758484,655,164,21156
low,18,ee_acceleration,2,0.39388129115104675,655,164,21156
low,18,ee_acceleration,3,0.3695736825466156,655,164,21156
low,18,ee_acceleration,4,0.38951870799064636,656,163,21027
low,18,contact_flag,0,1.0,655,164,21156
low,18,contact_flag,1,1.0,655,164,21156
low,18,contact_flag,2,1.0,655,164,21156
low,18,contact_flag,3,1.0,655,164,21156
low,18,contact_flag,4,1.0,656,163,21027
low,18,contact_force_log1p_mag,0,0.4840080142021179,655,164,21156
low,18,contact_force_log1p_mag,1,0.4711092710494995,655,164,21156
low,18,contact_force_log1p_mag,2,0.4768531322479248,655,164,21156
low,18,contact_force_log1p_mag,3,0.46667593717575073,655,164,21156
low,18,contact_force_log1p_mag,4,0.46314549446105957,656,163,21027
low,19,ee_velocity,0,0.8393452763557434,655,164,21156
low,19,ee_velocity,1,0.8292676210403442,655,164,21156
low,19,ee_velocity,2,0.8452780842781067,655,164,21156
low,19,ee_velocity,3,0.836848795413971,655,164,21156
low,19,ee_velocity,4,0.8265223503112793,656,163,21027
low,19,ee_acceleration,0,0.4099116325378418,655,164,21156
low,19,ee_acceleration,1,0.3864452838897705,655,164,21156
low,19,ee_acceleration,2,0.3983977138996124,655,164,21156
low,19,ee_acceleration,3,0.36548471450805664,655,164,21156
low,19,ee_acceleration,4,0.3907128870487213,656,163,21027
low,19,contact_flag,0,1.0,655,164,21156
low,19,contact_flag,1,1.0,655,164,21156
low,19,contact_flag,2,1.0,655,164,21156
low,19,contact_flag,3,1.0,655,164,21156
low,19,contact_flag,4,1.0,656,163,21027
low,19,contact_force_log1p_mag,0,0.48154956102371216,655,164,21156
low,19,contact_force_log1p_mag,1,0.4770798087120056,655,164,21156
low,19,contact_force_log1p_mag,2,0.47778910398483276,655,164,21156
low,19,contact_force_log1p_mag,3,0.4695579409599304,655,164,21156
low,19,contact_force_log1p_mag,4,0.460898756980896,656,163,21027
low,20,ee_velocity,0,0.8378956317901611,655,164,21156
low,20,ee_velocity,1,0.8287591934204102,655,164,21156
low,20,ee_velocity,2,0.8424468636512756,655,164,21156
low,20,ee_velocity,3,0.8344970941543579,655,164,21156
low,20,ee_velocity,4,0.8244214653968811,656,163,21027
low,20,ee_acceleration,0,0.393449068069458,655,164,21156
low,20,ee_acceleration,1,0.36785122752189636,655,164,21156
low,20,ee_acceleration,2,0.38494619727134705,655,164,21156
low,20,ee_acceleration,3,0.35043370723724365,655,164,21156
low,20,ee_acceleration,4,0.3722938299179077,656,163,21027
low,20,contact_flag,0,1.0,655,164,21156
low,20,contact_flag,1,1.0,655,164,21156
low,20,contact_flag,2,1.0,655,164,21156
low,20,contact_flag,3,1.0,655,164,21156
low,20,contact_flag,4,1.0,656,163,21027
low,20,contact_force_log1p_mag,0,0.4851652979850769,655,164,21156
low,20,contact_force_log1p_mag,1,0.48063790798187256,655,164,21156
low,20,contact_force_log1p_mag,2,0.4752854108810425,655,164,21156
low,20,contact_force_log1p_mag,3,0.4670448899269104,655,164,21156
low,20,contact_force_log1p_mag,4,0.46807098388671875,656,163,21027
low,21,ee_velocity,0,0.83400958776474,655,164,21156
low,21,ee_velocity,1,0.8254231810569763,655,164,21156
low,21,ee_velocity,2,0.8375142812728882,655,164,21156
low,21,ee_velocity,3,0.8329382538795471,655,164,21156
low,21,ee_velocity,4,0.819607138633728,656,163,21027
low,21,ee_acceleration,0,0.3757760226726532,655,164,21156
low,21,ee_acceleration,1,0.3473018407821655,655,164,21156
low,21,ee_acceleration,2,0.3671565651893616,655,164,21156
low,21,ee_acceleration,3,0.3414666950702667,655,164,21156
low,21,ee_acceleration,4,0.3597891330718994,656,163,21027
low,21,contact_flag,0,1.0,655,164,21156
low,21,contact_flag,1,1.0,655,164,21156
low,21,contact_flag,2,1.0,655,164,21156
low,21,contact_flag,3,1.0,655,164,21156
low,21,contact_flag,4,1.0,656,163,21027
low,21,contact_force_log1p_mag,0,0.48730069398880005,655,164,21156
low,21,contact_force_log1p_mag,1,0.47716736793518066,655,164,21156
low,21,contact_force_log1p_mag,2,0.47427111864089966,655,164,21156
low,21,contact_force_log1p_mag,3,0.4652976393699646,655,164,21156
low,21,contact_force_log1p_mag,4,0.4665803909301758,656,163,21027
low,22,ee_velocity,0,0.8319479823112488,655,164,21156
low,22,ee_velocity,1,0.8215842843055725,655,164,21156
low,22,ee_velocity,2,0.8351153135299683,655,164,21156
low,22,ee_velocity,3,0.8287515640258789,655,164,21156
low,22,ee_velocity,4,0.8177376389503479,656,163,21027
low,22,ee_acceleration,0,0.3730846047401428,655,164,21156
low,22,ee_acceleration,1,0.34488269686698914,655,164,21156
low,22,ee_acceleration,2,0.3586009740829468,655,164,21156
low,22,ee_acceleration,3,0.33884456753730774,655,164,21156
low,22,ee_acceleration,4,0.3578658998012543,656,163,21027
low,22,contact_flag,0,1.0,655,164,21156
low,22,contact_flag,1,1.0,655,164,21156
low,22,contact_flag,2,1.0,655,164,21156
low,22,contact_flag,3,1.0,655,164,21156
low,22,contact_flag,4,1.0,656,163,21027
low,22,contact_force_log1p_mag,0,0.48545634746551514,655,164,21156
low,22,contact_force_log1p_mag,1,0.4748048782348633,655,164,21156
low,22,contact_force_log1p_mag,2,0.47073012590408325,655,164,21156
low,22,contact_force_log1p_mag,3,0.46470385789871216,655,164,21156
low,22,contact_force_log1p_mag,4,0.4643198847770691,656,163,21027
low,23,ee_velocity,0,0.8261712193489075,655,164,21156
low,23,ee_velocity,1,0.8182284235954285,655,164,21156
low,23,ee_velocity,2,0.8318871259689331,655,164,21156
low,23,ee_velocity,3,0.8241785764694214,655,164,21156
low,23,ee_velocity,4,0.8149117827415466,656,163,21027
low,23,ee_acceleration,0,0.3782988488674164,655,164,21156
low,23,ee_acceleration,1,0.3484228849411011,655,164,21156
low,23,ee_acceleration,2,0.3570994436740875,655,164,21156
low,23,ee_acceleration,3,0.33887800574302673,655,164,21156
low,23,ee_acceleration,4,0.35756465792655945,656,163,21027
low,23,contact_flag,0,1.0,655,164,21156
low,23,contact_flag,1,1.0,655,164,21156
low,23,contact_flag,2,1.0,655,164,21156
low,23,contact_flag,3,1.0,655,164,21156
low,23,contact_flag,4,1.0,656,163,21027
low,23,contact_force_log1p_mag,0,0.4873921871185303,655,164,21156
low,23,contact_force_log1p_mag,1,0.4739431142807007,655,164,21156
low,23,contact_force_log1p_mag,2,0.47091031074523926,655,164,21156
low,23,contact_force_log1p_mag,3,0.4667917490005493,655,164,21156
low,23,contact_force_log1p_mag,4,0.4655936360359192,656,163,21027
med,0,ee_velocity,0,0.16188855469226837,674,169,21801
med,0,ee_velocity,1,0.1857445389032364,674,169,21801
med,0,ee_velocity,2,0.15811645984649658,674,169,21801
med,0,ee_velocity,3,0.1471276432275772,675,168,21672
med,0,ee_velocity,4,0.18820548057556152,675,168,21672
med,0,ee_acceleration,0,0.06174824759364128,674,169,21801
med,0,ee_acceleration,1,0.05788494646549225,674,169,21801
med,0,ee_acceleration,2,0.05209800973534584,674,169,21801
med,0,ee_acceleration,3,0.060875408351421356,675,168,21672
med,0,ee_acceleration,4,0.05886348709464073,675,168,21672
med,0,contact_flag,0,1.0,674,169,21801
med,0,contact_flag,1,1.0,674,169,21801
med,0,contact_flag,2,1.0,674,169,21801
med,0,contact_flag,3,1.0,675,168,21672
med,0,contact_flag,4,1.0,675,168,21672
med,0,contact_force_log1p_mag,0,0.2710684537887573,674,169,21801
med,0,contact_force_log1p_mag,1,0.22572261095046997,674,169,21801
med,0,contact_force_log1p_mag,2,0.2513922452926636,674,169,21801
med,0,contact_force_log1p_mag,3,0.27974575757980347,675,168,21672
med,0,contact_force_log1p_mag,4,0.26115691661834717,675,168,21672
med,1,ee_velocity,0,0.22685746848583221,674,169,21801
med,1,ee_velocity,1,0.2731810212135315,674,169,21801
med,1,ee_velocity,2,0.23512786626815796,674,169,21801
med,1,ee_velocity,3,0.19307395815849304,675,168,21672
med,1,ee_velocity,4,0.2682381868362427,675,168,21672
med,1,ee_acceleration,0,0.09050051867961884,674,169,21801
med,1,ee_acceleration,1,0.08761842548847198,674,169,21801
med,1,ee_acceleration,2,0.07227431982755661,674,169,21801
med,1,ee_acceleration,3,0.08957134932279587,675,168,21672
med,1,ee_acceleration,4,0.08056198060512543,675,168,21672
med,1,contact_flag,0,1.0,674,169,21801
med,1,contact_flag,1,1.0,674,169,21801
med,1,contact_flag,2,1.0,674,169,21801
med,1,contact_flag,3,1.0,675,168,21672
med,1,contact_flag,4,1.0,675,168,21672
med,1,contact_force_log1p_mag,0,0.39007091522216797,674,169,21801
med,1,contact_force_log1p_mag,1,0.3362964987754822,674,169,21801
med,1,contact_force_log1p_mag,2,0.39263564348220825,674,169,21801
med,1,contact_force_log1p_mag,3,0.39835500717163086,675,168,21672
med,1,contact_force_log1p_mag,4,0.3619718551635742,675,168,21672
med,2,ee_velocity,0,0.25982075929641724,674,169,21801
med,2,ee_velocity,1,0.2829846739768982,674,169,21801
med,2,ee_velocity,2,0.2593110501766205,674,169,21801
med,2,ee_velocity,3,0.2623966336250305,675,168,21672
med,2,ee_velocity,4,0.29220330715179443,675,168,21672
med,2,ee_acceleration,0,0.11473914980888367,674,169,21801
med,2,ee_acceleration,1,0.10612177848815918,674,169,21801
med,2,ee_acceleration,2,0.09496555477380753,674,169,21801
med,2,ee_acceleration,3,0.11027640849351883,675,168,21672
med,2,ee_acceleration,4,0.10620506852865219,675,168,21672
med,2,contact_flag,0,1.0,674,169,21801
med,2,contact_flag,1,1.0,674,169,21801
med,2,contact_flag,2,1.0,674,169,21801
med,2,contact_flag,3,1.0,675,168,21672
med,2,contact_flag,4,1.0,675,168,21672
med,2,contact_force_log1p_mag,0,0.3879864811897278,674,169,21801
med,2,contact_force_log1p_mag,1,0.3458174467086792,674,169,21801
med,2,contact_force_log1p_mag,2,0.3913278579711914,674,169,21801
med,2,contact_force_log1p_mag,3,0.4043554663658142,675,168,21672
med,2,contact_force_log1p_mag,4,0.3809274435043335,675,168,21672
med,3,ee_velocity,0,0.4635230004787445,674,169,21801
med,3,ee_velocity,1,0.48784369230270386,674,169,21801
med,3,ee_velocity,2,0.45611459016799927,674,169,21801
med,3,ee_velocity,3,0.4647310972213745,675,168,21672
med,3,ee_velocity,4,0.4930835962295532,675,168,21672
med,3,ee_acceleration,0,0.1809685379266739,674,169,21801
med,3,ee_acceleration,1,0.1889224499464035,674,169,21801
med,3,ee_acceleration,2,0.17210814356803894,674,169,21801
med,3,ee_acceleration,3,0.19015833735466003,675,168,21672
med,3,ee_acceleration,4,0.1845996081829071,675,168,21672
med,3,contact_flag,0,1.0,674,169,21801
med,3,contact_flag,1,1.0,674,169,21801
med,3,contact_flag,2,1.0,674,169,21801
med,3,contact_flag,3,1.0,675,168,21672
med,3,contact_flag,4,1.0,675,168,21672
med,3,contact_force_log1p_mag,0,0.39981788396835327,674,169,21801
med,3,contact_force_log1p_mag,1,0.36133790016174316,674,169,21801
med,3,contact_force_log1p_mag,2,0.38582736253738403,674,169,21801
med,3,contact_force_log1p_mag,3,0.41680920124053955,675,168,21672
med,3,contact_force_log1p_mag,4,0.393604040145874,675,168,21672
med,4,ee_velocity,0,0.5040022730827332,674,169,21801
med,4,ee_velocity,1,0.5307417511940002,674,169,21801
med,4,ee_velocity,2,0.4996063709259033,674,169,21801
med,4,ee_velocity,3,0.526619553565979,675,168,21672
med,4,ee_velocity,4,0.5319506525993347,675,168,21672
med,4,ee_acceleration,0,0.1951013058423996,674,169,21801
med,4,ee_acceleration,1,0.1917940229177475,674,169,21801
med,4,ee_acceleration,2,0.1702188104391098,674,169,21801
med,4,ee_acceleration,3,0.1941024661064148,675,168,21672
med,4,ee_acceleration,4,0.19494342803955078,675,168,21672
med,4,contact_flag,0,1.0,674,169,21801
med,4,contact_flag,1,1.0,674,169,21801
med,4,contact_flag,2,1.0,674,169,21801
med,4,contact_flag,3,1.0,675,168,21672
med,4,contact_flag,4,1.0,675,168,21672
med,4,contact_force_log1p_mag,0,0.4006217122077942,674,169,21801
med,4,contact_force_log1p_mag,1,0.3597431778907776,674,169,21801
med,4,contact_force_log1p_mag,2,0.3914443850517273,674,169,21801
med,4,contact_force_log1p_mag,3,0.41402333974838257,675,168,21672
med,4,contact_force_log1p_mag,4,0.3934709429740906,675,168,21672
med,5,ee_velocity,0,0.5604702234268188,674,169,21801
med,5,ee_velocity,1,0.5864172577857971,674,169,21801
med,5,ee_velocity,2,0.5731368064880371,674,169,21801
med,5,ee_velocity,3,0.572684645652771,675,168,21672
med,5,ee_velocity,4,0.5891932845115662,675,168,21672
med,5,ee_acceleration,0,0.2223682403564453,674,169,21801
med,5,ee_acceleration,1,0.2231508046388626,674,169,21801
med,5,ee_acceleration,2,0.21306343376636505,674,169,21801
med,5,ee_acceleration,3,0.23055388033390045,675,168,21672
med,5,ee_acceleration,4,0.2310849130153656,675,168,21672
med,5,contact_flag,0,1.0,674,169,21801
med,5,contact_flag,1,1.0,674,169,21801
med,5,contact_flag,2,1.0,674,169,21801
med,5,contact_flag,3,1.0,675,168,21672
med,5,contact_flag,4,1.0,675,168,21672
med,5,contact_force_log1p_mag,0,0.403492271900177,674,169,21801
med,5,contact_force_log1p_mag,1,0.3627247214317322,674,169,21801
med,5,contact_force_log1p_mag,2,0.38986921310424805,674,169,21801
med,5,contact_force_log1p_mag,3,0.414963960647583,675,168,21672
med,5,contact_force_log1p_mag,4,0.39318180084228516,675,168,21672
med,6,ee_velocity,0,0.6106355786323547,674,169,21801
med,6,ee_velocity,1,0.6341431140899658,674,169,21801
med,6,ee_velocity,2,0.6237106919288635,674,169,21801
med,6,ee_velocity,3,0.6264076232910156,675,168,21672
med,6,ee_velocity,4,0.6324716806411743,675,168,21672
med,6,ee_acceleration,0,0.26266056299209595,674,169,21801
med,6,ee_acceleration,1,0.25931209325790405,674,169,21801
med,6,ee_acceleration,2,0.24554342031478882,674,169,21801
med,6,ee_acceleration,3,0.2586502730846405,675,168,21672
med,6,ee_acceleration,4,0.26307857036590576,675,168,21672
med,6,contact_flag,0,1.0,674,169,21801
med,6,contact_flag,1,1.0,674,169,21801
med,6,contact_flag,2,1.0,674,169,21801
med,6,contact_flag,3,1.0,675,168,21672
med,6,contact_flag,4,1.0,675,168,21672
med,6,contact_force_log1p_mag,0,0.4162752628326416,674,169,21801
med,6,contact_force_log1p_mag,1,0.36551254987716675,674,169,21801
med,6,contact_force_log1p_mag,2,0.4060354232788086,674,169,21801
med,6,contact_force_log1p_mag,3,0.4257190227508545,675,168,21672
med,6,contact_force_log1p_mag,4,0.39367449283599854,675,168,21672
med,7,ee_velocity,0,0.6665493845939636,674,169,21801
med,7,ee_velocity,1,0.6888253688812256,674,169,21801
med,7,ee_velocity,2,0.6840722560882568,674,169,21801
med,7,ee_velocity,3,0.6832330226898193,675,168,21672
med,7,ee_velocity,4,0.690875232219696,675,168,21672
med,7,ee_acceleration,0,0.26552751660346985,674,169,21801
med,7,ee_acceleration,1,0.26923125982284546,674,169,21801
med,7,ee_acceleration,2,0.24976861476898193,674,169,21801
med,7,ee_acceleration,3,0.2705898880958557,675,168,21672
med,7,ee_acceleration,4,0.26537978649139404,675,168,21672
med,7,contact_flag,0,1.0,674,169,21801
med,7,contact_flag,1,1.0,674,169,21801
med,7,contact_flag,2,1.0,674,169,21801
med,7,contact_flag,3,1.0,675,168,21672
med,7,contact_flag,4,1.0,675,168,21672
med,7,contact_force_log1p_mag,0,0.43263643980026245,674,169,21801
med,7,contact_force_log1p_mag,1,0.37447792291641235,674,169,21801
med,7,contact_force_log1p_mag,2,0.4006481170654297,674,169,21801
med,7,contact_force_log1p_mag,3,0.4273245930671692,675,168,21672
med,7,contact_force_log1p_mag,4,0.38835465908050537,675,168,21672
med,8,ee_velocity,0,0.6568878293037415,674,169,21801
med,8,ee_velocity,1,0.6758714318275452,674,169,21801
med,8,ee_velocity,2,0.6746821403503418,674,169,21801
med,8,ee_velocity,3,0.6727192401885986,675,168,21672
med,8,ee_velocity,4,0.6849631667137146,675,168,21672
med,8,ee_acceleration,0,0.2668285369873047,674,169,21801
med,8,ee_acceleration,1,0.2759459614753723,674,169,21801
med,8,ee_acceleration,2,0.2621108293533325,674,169,21801
med,8,ee_acceleration,3,0.27279454469680786,675,168,21672
med,8,ee_acceleration,4,0.2690225839614868,675,168,21672
med,8,contact_flag,0,1.0,674,169,21801
med,8,contact_flag,1,1.0,674,169,21801
med,8,contact_flag,2,1.0,674,169,21801
med,8,contact_flag,3,1.0,675,168,21672
med,8,contact_flag,4,1.0,675,168,21672
med,8,contact_force_log1p_mag,0,0.4435046315193176,674,169,21801
med,8,contact_force_log1p_mag,1,0.38845086097717285,674,169,21801
med,8,contact_force_log1p_mag,2,0.42253369092941284,674,169,21801
med,8,contact_force_log1p_mag,3,0.4412500858306885,675,168,21672
med,8,contact_force_log1p_mag,4,0.41676658391952515,675,168,21672
med,9,ee_velocity,0,0.6696232557296753,674,169,21801
med,9,ee_velocity,1,0.6801079511642456,674,169,21801
med,9,ee_velocity,2,0.6815084218978882,674,169,21801
med,9,ee_velocity,3,0.6806243658065796,675,168,21672
med,9,ee_velocity,4,0.6906953454017639,675,168,21672
med,9,ee_acceleration,0,0.28812098503112793,674,169,21801
med,9,ee_acceleration,1,0.2958206534385681,674,169,21801
med,9,ee_acceleration,2,0.27658697962760925,674,169,21801
med,9,ee_acceleration,3,0.28855961561203003,675,168,21672
med,9,ee_acceleration,4,0.2849321961402893,675,168,21672
med,9,contact_flag,0,1.0,674,169,21801
med,9,contact_flag,1,1.0,674,169,21801
med,9,contact_flag,2,1.0,674,169,21801
med,9,contact_flag,3,1.0,675,168,21672
med,9,contact_flag,4,1.0,675,168,21672
med,9,contact_force_log1p_mag,0,0.45150578022003174,674,169,21801
med,9,contact_force_log1p_mag,1,0.4006861448287964,674,169,21801
med,9,contact_force_log1p_mag,2,0.41742390394210815,674,169,21801
med,9,contact_force_log1p_mag,3,0.4390993118286133,675,168,21672
med,9,contact_force_log1p_mag,4,0.42332959175109863,675,168,21672
med,10,ee_velocity,0,0.6837295293807983,674,169,21801
med,10,ee_velocity,1,0.6987409591674805,674,169,21801
med,10,ee_velocity,2,0.69051194190979,674,169,21801
med,10,ee_velocity,3,0.6909408569335938,675,168,21672
med,10,ee_velocity,4,0.7038335204124451,675,168,21672
med,10,ee_acceleration,0,0.29336532950401306,674,169,21801
med,10,ee_acceleration,1,0.289459228515625,674,169,21801
med,10,ee_acceleration,2,0.28104785084724426,674,169,21801
med,10,ee_acceleration,3,0.2975783050060272,675,168,21672
med,10,ee_acceleration,4,0.29511868953704834,675,168,21672
med,10,contact_flag,0,1.0,674,169,21801
med,10,contact_flag,1,1.0,674,169,21801
med,10,contact_flag,2,1.0,674,169,21801
med,10,contact_flag,3,1.0,675,168,21672
med,10,contact_flag,4,1.0,675,168,21672
med,10,contact_force_log1p_mag,0,0.449554443359375,674,169,21801
med,10,contact_force_log1p_mag,1,0.41105979681015015,674,169,21801
med,10,contact_force_log1p_mag,2,0.42601293325424194,674,169,21801
med,10,contact_force_log1p_mag,3,0.4539313316345215,675,168,21672
med,10,contact_force_log1p_mag,4,0.4331173300743103,675,168,21672
med,11,ee_velocity,0,0.6894951462745667,674,169,21801
med,11,ee_velocity,1,0.7073509097099304,674,169,21801
med,11,ee_velocity,2,0.6957114934921265,674,169,21801
med,11,ee_velocity,3,0.6979513764381409,675,168,21672
med,11,ee_velocity,4,0.7027972936630249,675,168,21672
med,11,ee_acceleration,0,0.29081830382347107,674,169,21801
med,11,ee_acceleration,1,0.29687970876693726,674,169,21801
med,11,ee_acceleration,2,0.27955496311187744,674,169,21801
med,11,ee_acceleration,3,0.30410993099212646,675,168,21672
med,11,ee_acceleration,4,0.3017270267009735,675,168,21672
med,11,contact_flag,0,1.0,674,169,21801
med,11,contact_flag,1,1.0,674,169,21801
med,11,contact_flag,2,1.0,674,169,21801
med,11,contact_flag,3,1.0,675,168,21672
med,11,contact_flag,4,1.0,675,168,21672
med,11,contact_force_log1p_mag,0,0.45410674810409546,674,169,21801
med,11,contact_force_log1p_mag,1,0.40938854217529297,674,169,21801
med,11,contact_force_log1p_mag,2,0.43988484144210815,674,169,21801
med,11,contact_force_log1p_mag,3,0.4562259316444397,675,168,21672
med,11,contact_force_log1p_mag,4,0.43890470266342163,675,168,21672
med,12,ee_velocity,0,0.6739310622215271,674,169,21801
med,12,ee_velocity,1,0.6888128519058228,674,169,21801
med,12,ee_velocity,2,0.6810620427131653,674,169,21801
med,12,ee_velocity,3,0.6843176484107971,675,168,21672
med,12,ee_velocity,4,0.689123272895813,675,168,21672
med,12,ee_acceleration,0,0.29011890292167664,674,169,21801
med,12,ee_acceleration,1,0.30000296235084534,674,169,21801
med,12,ee_acceleration,2,0.2721247673034668,674,169,21801
med,12,ee_acceleration,3,0.29741808772087097,675,168,21672
med,12,ee_acceleration,4,0.2877975106239319,675,168,21672
med,12,contact_flag,0,1.0,674,169,21801
med,12,contact_flag,1,1.0,674,169,21801
med,12,contact_flag,2,1.0,674,169,21801
med,12,contact_flag,3,1.0,675,168,21672
med,12,contact_flag,4,1.0,675,168,21672
med,12,contact_force_log1p_mag,0,0.46205461025238037,674,169,21801
med,12,contact_force_log1p_mag,1,0.42118048667907715,674,169,21801
med,12,contact_force_log1p_mag,2,0.4478146433830261,674,169,21801
med,12,contact_force_log1p_mag,3,0.45879924297332764,675,168,21672
med,12,contact_force_log1p_mag,4,0.4416748285293579,675,168,21672
med,13,ee_velocity,0,0.7021400928497314,674,169,21801
med,13,ee_velocity,1,0.7152506709098816,674,169,21801
med,13,ee_velocity,2,0.7105111479759216,674,169,21801
med,13,ee_velocity,3,0.7087870836257935,675,168,21672
med,13,ee_velocity,4,0.7192297577857971,675,168,21672
med,13,ee_acceleration,0,0.3504081666469574,674,169,21801
med,13,ee_acceleration,1,0.3510063588619232,674,169,21801
med,13,ee_acceleration,2,0.32359811663627625,674,169,21801
med,13,ee_acceleration,3,0.3542611300945282,675,168,21672
med,13,ee_acceleration,4,0.3468143939971924,675,168,21672
med,13,contact_flag,0,1.0,674,169,21801
med,13,contact_flag,1,1.0,674,169,21801
med,13,contact_flag,2,1.0,674,169,21801
med,13,contact_flag,3,1.0,675,168,21672
med,13,contact_flag,4,1.0,675,168,21672
med,13,contact_force_log1p_mag,0,0.470181941986084,674,169,21801
med,13,contact_force_log1p_mag,1,0.43430095911026,674,169,21801
med,13,contact_force_log1p_mag,2,0.4574342370033264,674,169,21801
med,13,contact_force_log1p_mag,3,0.4696993827819824,675,168,21672
med,13,contact_force_log1p_mag,4,0.4573500156402588,675,168,21672
med,14,ee_velocity,0,0.7185907959938049,674,169,21801
med,14,ee_velocity,1,0.7341189980506897,674,169,21801
med,14,ee_velocity,2,0.728717565536499,674,169,21801
med,14,ee_velocity,3,0.7258275151252747,675,168,21672
med,14,ee_velocity,4,0.7334518432617188,675,168,21672
med,14,ee_acceleration,0,0.3487951159477234,674,169,21801
med,14,ee_acceleration,1,0.35114315152168274,674,169,21801
med,14,ee_acceleration,2,0.33596670627593994,674,169,21801
med,14,ee_acceleration,3,0.3489542603492737,675,168,21672
med,14,ee_acceleration,4,0.34432536363601685,675,168,21672
med,14,contact_flag,0,1.0,674,169,21801
med,14,contact_flag,1,1.0,674,169,21801
med,14,contact_flag,2,1.0,674,169,21801
med,14,contact_flag,3,1.0,675,168,21672
med,14,contact_flag,4,1.0,675,168,21672
med,14,contact_force_log1p_mag,0,0.47141140699386597,674,169,21801
med,14,contact_force_log1p_mag,1,0.4331146478652954,674,169,21801
med,14,contact_force_log1p_mag,2,0.4595576524734497,674,169,21801
med,14,contact_force_log1p_mag,3,0.47098541259765625,675,168,21672
med,14,contact_force_log1p_mag,4,0.4561529755592346,675,168,21672
med,15,ee_velocity,0,0.7731475234031677,674,169,21801
med,15,ee_velocity,1,0.7852905988693237,674,169,21801
med,15,ee_velocity,2,0.7762550711631775,674,169,21801
med,15,ee_velocity,3,0.7749807238578796,675,168,21672
med,15,ee_velocity,4,0.7878451943397522,675,168,21672
med,15,ee_acceleration,0,0.3672444224357605,674,169,21801
med,15,ee_acceleration,1,0.37606582045555115,674,169,21801
med,15,ee_acceleration,2,0.3515036404132843,674,169,21801
med,15,ee_acceleration,3,0.3645116984844208,675,168,21672
med,15,ee_acceleration,4,0.3702613115310669,675,168,21672
med,15,contact_flag,0,1.0,674,169,21801
med,15,contact_flag,1,1.0,674,169,21801
med,15,contact_flag,2,1.0,674,169,21801
med,15,contact_flag,3,1.0,675,168,21672
med,15,contact_flag,4,1.0,675,168,21672
med,15,contact_force_log1p_mag,0,0.4876670241355896,674,169,21801
med,15,contact_force_log1p_mag,1,0.4480431079864502,674,169,21801
med,15,contact_force_log1p_mag,2,0.46908384561538696,674,169,21801
med,15,contact_force_log1p_mag,3,0.48591887950897217,675,168,21672
med,15,contact_force_log1p_mag,4,0.4709879159927368,675,168,21672
med,16,ee_velocity,0,0.791670024394989,674,169,21801
med,16,ee_velocity,1,0.8052387833595276,674,169,21801
med,16,ee_velocity,2,0.7971946597099304,674,169,21801
med,16,ee_velocity,3,0.7955326437950134,675,168,21672
med,16,ee_velocity,4,0.8028173446655273,675,168,21672
med,16,ee_acceleration,0,0.37337350845336914,674,169,21801
med,16,ee_acceleration,1,0.3728276193141937,674,169,21801
med,16,ee_acceleration,2,0.353730171918869,674,169,21801
med,16,ee_acceleration,3,0.37367814779281616,675,168,21672
med,16,ee_acceleration,4,0.3746267557144165,675,168,21672
med,16,contact_flag,0,1.0,674,169,21801
med,16,contact_flag,1,1.0,674,169,21801
med,16,contact_flag,2,1.0,674,169,21801
med,16,contact_flag,3,1.0,675,168,21672
med,16,contact_flag,4,1.0,675,168,21672
med,16,contact_force_log1p_mag,0,0.48194360733032227,674,169,21801
med,16,contact_force_log1p_mag,1,0.44789212942123413,674,169,21801
med,16,contact_force_log1p_mag,2,0.46741294860839844,674,169,21801
med,16,contact_force_log1p_mag,3,0.48559391498565674,675,168,21672
med,16,contact_force_log1p_mag,4,0.47092872858047485,675,168,21672
med,17,ee_velocity,0,0.8181990385055542,674,169,21801
med,17,ee_velocity,1,0.830293595790863,674,169,21801
med,17,ee_velocity,2,0.8250626921653748,674,169,21801
med,17,ee_velocity,3,0.8171477317810059,675,168,21672
med,17,ee_velocity,4,0.8303680419921875,675,168,21672
med,17,ee_acceleration,0,0.38751479983329773,674,169,21801
med,17,ee_acceleration,1,0.3973878026008606,674,169,21801
med,17,ee_acceleration,2,0.37582218647003174,674,169,21801
med,17,ee_acceleration,3,0.3895600140094757,675,168,21672
med,17,ee_acceleration,4,0.38390713930130005,675,168,21672
med,17,contact_flag,0,1.0,674,169,21801
med,17,contact_flag,1,1.0,674,169,21801
med,17,contact_flag,2,1.0,674,169,21801
med,17,contact_flag,3,1.0,675,168,21672
med,17,contact_flag,4,1.0,675,168,21672
med,17,contact_force_log1p_mag,0,0.4900151491165161,674,169,21801
med,17,contact_force_log1p_mag,1,0.4563214182853699,674,169,21801
med,17,contact_force_log1p_mag,2,0.4740331768989563,674,169,21801
med,17,contact_force_log1p_mag,3,0.4851840138435364,675,168,21672
med,17,contact_force_log1p_mag,4,0.47368431091308594,675,168,21672
med,18,ee_velocity,0,0.8226033449172974,674,169,21801
med,18,ee_velocity,1,0.8336468935012817,674,169,21801
med,18,ee_velocity,2,0.8292713761329651,674,169,21801
med,18,ee_velocity,3,0.8223790526390076,675,168,21672
med,18,ee_velocity,4,0.8332266211509705,675,168,21672
med,18,ee_acceleration,0,0.3958148956298828,674,169,21801
med,18,ee_acceleration,1,0.39972561597824097,674,169,21801
med,18,ee_acceleration,2,0.37538355588912964,674,169,21801
med,18,ee_acceleration,3,0.3986560106277466,675,168,21672
med,18,ee_acceleration,4,0.3818438649177551,675,168,21672
med,18,contact_flag,0,1.0,674,169,21801
med,18,contact_flag,1,1.0,674,169,21801
med,18,contact_flag,2,1.0,674,169,21801
med,18,contact_flag,3,1.0,675,168,21672
med,18,contact_flag,4,1.0,675,168,21672
med,18,contact_force_log1p_mag,0,0.4858444929122925,674,169,21801
med,18,contact_force_log1p_mag,1,0.45318418741226196,674,169,21801
med,18,contact_force_log1p_mag,2,0.473491370677948,674,169,21801
med,18,contact_force_log1p_mag,3,0.4875900149345398,675,168,21672
med,18,contact_force_log1p_mag,4,0.4759984612464905,675,168,21672
med,19,ee_velocity,0,0.8203641772270203,674,169,21801
med,19,ee_velocity,1,0.8341452479362488,674,169,21801
med,19,ee_velocity,2,0.8296471238136292,674,169,21801
med,19,ee_velocity,3,0.8222485780715942,675,168,21672
med,19,ee_velocity,4,0.8325108885765076,675,168,21672
med,19,ee_acceleration,0,0.3970324397087097,674,169,21801
med,19,ee_acceleration,1,0.3984551727771759,674,169,21801
med,19,ee_acceleration,2,0.3858029246330261,674,169,21801
med,19,ee_acceleration,3,0.3957239091396332,675,168,21672
med,19,ee_acceleration,4,0.38545700907707214,675,168,21672
med,19,contact_flag,0,1.0,674,169,21801
med,19,contact_flag,1,1.0,674,169,21801
med,19,contact_flag,2,1.0,674,169,21801
med,19,contact_flag,3,1.0,675,168,21672
med,19,contact_flag,4,1.0,675,168,21672
med,19,contact_force_log1p_mag,0,0.4880198836326599,674,169,21801
med,19,contact_force_log1p_mag,1,0.4603644013404846,674,169,21801
med,19,contact_force_log1p_mag,2,0.47520434856414795,674,169,21801
med,19,contact_force_log1p_mag,3,0.49498820304870605,675,168,21672
med,19,contact_force_log1p_mag,4,0.4758949875831604,675,168,21672
med,20,ee_velocity,0,0.820314347743988,674,169,21801
med,20,ee_velocity,1,0.8326543569564819,674,169,21801
med,20,ee_velocity,2,0.8283641934394836,674,169,21801
med,20,ee_velocity,3,0.8189923763275146,675,168,21672
med,20,ee_velocity,4,0.8301699161529541,675,168,21672
med,20,ee_acceleration,0,0.3760385811328888,674,169,21801
med,20,ee_acceleration,1,0.37905240058898926,674,169,21801
med,20,ee_acceleration,2,0.3634737432003021,674,169,21801
med,20,ee_acceleration,3,0.37642189860343933,675,168,21672
med,20,ee_acceleration,4,0.37103062868118286,675,168,21672
med,20,contact_flag,0,1.0,674,169,21801
med,20,contact_flag,1,1.0,674,169,21801
med,20,contact_flag,2,1.0,674,169,21801
med,20,contact_flag,3,1.0,675,168,21672
med,20,contact_flag,4,1.0,675,168,21672
med,20,contact_force_log1p_mag,0,0.48664015531539917,674,169,21801
med,20,contact_force_log1p_mag,1,0.45759010314941406,674,169,21801
med,20,contact_force_log1p_mag,2,0.47113943099975586,674,169,21801
med,20,contact_force_log1p_mag,3,0.49173951148986816,675,168,21672
med,20,contact_force_log1p_mag,4,0.47716182470321655,675,168,21672
med,21,ee_velocity,0,0.8167464137077332,674,169,21801
med,21,ee_velocity,1,0.8291676640510559,674,169,21801
med,21,ee_velocity,2,0.823470950126648,674,169,21801
med,21,ee_velocity,3,0.8189289569854736,675,168,21672
med,21,ee_velocity,4,0.8294492959976196,675,168,21672
med,21,ee_acceleration,0,0.36090612411499023,674,169,21801
med,21,ee_acceleration,1,0.3658774197101593,674,169,21801
med,21,ee_acceleration,2,0.3412613272666931,674,169,21801
med,21,ee_acceleration,3,0.3726915121078491,675,168,21672
med,21,ee_acceleration,4,0.3563782572746277,675,168,21672
med,21,contact_flag,0,1.0,674,169,21801
med,21,contact_flag,1,1.0,674,169,21801
med,21,contact_flag,2,1.0,674,169,21801
med,21,contact_flag,3,1.0,675,168,21672
med,21,contact_flag,4,1.0,675,168,21672
med,21,contact_force_log1p_mag,0,0.48150181770324707,674,169,21801
med,21,contact_force_log1p_mag,1,0.45285236835479736,674,169,21801
med,21,contact_force_log1p_mag,2,0.4713883399963379,674,169,21801
med,21,contact_force_log1p_mag,3,0.49011343717575073,675,168,21672
med,21,contact_force_log1p_mag,4,0.47647953033447266,675,168,21672
med,22,ee_velocity,0,0.8136892914772034,674,169,21801
med,22,ee_velocity,1,0.826319694519043,674,169,21801
med,22,ee_velocity,2,0.8217540383338928,674,169,21801
med,22,ee_velocity,3,0.8167650699615479,675,168,21672
med,22,ee_velocity,4,0.8251991868019104,675,168,21672
med,22,ee_acceleration,0,0.35525158047676086,674,169,21801
med,22,ee_acceleration,1,0.3670308291912079,674,169,21801
med,22,ee_acceleration,2,0.3440086543560028,674,169,21801
med,22,ee_acceleration,3,0.3645814061164856,675,168,21672
med,22,ee_acceleration,4,0.35620686411857605,675,168,21672
med,22,contact_flag,0,1.0,674,169,21801
med,22,contact_flag,1,1.0,674,169,21801
med,22,contact_flag,2,1.0,674,169,21801
med,22,contact_flag,3,1.0,675,168,21672
med,22,contact_flag,4,1.0,675,168,21672
med,22,contact_force_log1p_mag,0,0.4803823232650757,674,169,21801
med,22,contact_force_log1p_mag,1,0.44880014657974243,674,169,21801
med,22,contact_force_log1p_mag,2,0.4688414931297302,674,169,21801
med,22,contact_force_log1p_mag,3,0.49096816778182983,675,168,21672
med,22,contact_force_log1p_mag,4,0.4689059257507324,675,168,21672
med,23,ee_velocity,0,0.8091476559638977,674,169,21801
med,23,ee_velocity,1,0.8227633833885193,674,169,21801
med,23,ee_velocity,2,0.818651020526886,674,169,21801
med,23,ee_velocity,3,0.812524139881134,675,168,21672
med,23,ee_velocity,4,0.8215808272361755,675,168,21672
med,23,ee_acceleration,0,0.35608944296836853,674,169,21801
med,23,ee_acceleration,1,0.3644929826259613,674,169,21801
med,23,ee_acceleration,2,0.34527361392974854,674,169,21801
med,23,ee_acceleration,3,0.36091348528862,675,168,21672
med,23,ee_acceleration,4,0.3564624488353729,675,168,21672
med,23,contact_flag,0,1.0,674,169,21801
med,23,contact_flag,1,1.0,674,169,21801
med,23,contact_flag,2,1.0,674,169,21801
med,23,contact_flag,3,1.0,675,168,21672
med,23,contact_flag,4,1.0,675,168,21672
med,23,contact_force_log1p_mag,0,0.4806864857673645,674,169,21801
med,23,contact_force_log1p_mag,1,0.4442565441131592,674,169,21801
med,23,contact_force_log1p_mag,2,0.47224879264831543,674,169,21801
med,23,contact_force_log1p_mag,3,0.4879988431930542,675,168,21672
med,23,contact_force_log1p_mag,4,0.4697447419166565,675,168,21672
high,0,ee_velocity,0,0.17765101790428162,655,164,21156
high,0,ee_velocity,1,0.1748507171869278,655,164,21156
high,0,ee_velocity,2,0.18843401968479156,655,164,21156
high,0,ee_velocity,3,0.18336530029773712,655,164,21156
high,0,ee_velocity,4,0.1629720777273178,656,163,21027
high,0,ee_acceleration,0,0.058130279183387756,655,164,21156
high,0,ee_acceleration,1,0.057304851710796356,655,164,21156
high,0,ee_acceleration,2,0.0587226077914238,655,164,21156
high,0,ee_acceleration,3,0.059888891875743866,655,164,21156
high,0,ee_acceleration,4,0.05970258265733719,656,163,21027
high,0,contact_flag,0,1.0,655,164,21156
high,0,contact_flag,1,1.0,655,164,21156
high,0,contact_flag,2,1.0,655,164,21156
high,0,contact_flag,3,1.0,655,164,21156
high,0,contact_flag,4,1.0,656,163,21027
high,0,contact_force_log1p_mag,0,0.25867021083831787,655,164,21156
high,0,contact_force_log1p_mag,1,0.24383026361465454,655,164,21156
high,0,contact_force_log1p_mag,2,0.25888991355895996,655,164,21156
high,0,contact_force_log1p_mag,3,0.24952459335327148,655,164,21156
high,0,contact_force_log1p_mag,4,0.2459753155708313,656,163,21027
high,1,ee_velocity,0,0.23757560551166534,655,164,21156
high,1,ee_velocity,1,0.2620197832584381,655,164,21156
high,1,ee_velocity,2,0.28217071294784546,655,164,21156
high,1,ee_velocity,3,0.2704300880432129,655,164,21156
high,1,ee_velocity,4,0.2515517771244049,656,163,21027
high,1,ee_acceleration,0,0.08133257925510406,655,164,21156
high,1,ee_acceleration,1,0.0846237763762474,655,164,21156
high,1,ee_acceleration,2,0.08213464170694351,655,164,21156
high,1,ee_acceleration,3,0.08585161715745926,655,164,21156
high,1,ee_acceleration,4,0.0886264368891716,656,163,21027
high,1,contact_flag,0,1.0,655,164,21156
high,1,contact_flag,1,1.0,655,164,21156
high,1,contact_flag,2,1.0,655,164,21156
high,1,contact_flag,3,1.0,655,164,21156
high,1,contact_flag,4,1.0,656,163,21027
high,1,contact_force_log1p_mag,0,0.37024301290512085,655,164,21156
high,1,contact_force_log1p_mag,1,0.34073013067245483,655,164,21156
high,1,contact_force_log1p_mag,2,0.36344754695892334,655,164,21156
high,1,contact_force_log1p_mag,3,0.34897035360336304,655,164,21156
high,1,contact_force_log1p_mag,4,0.363397479057312,656,163,21027
high,2,ee_velocity,0,0.25789594650268555,655,164,21156
high,2,ee_velocity,1,0.2818014621734619,655,164,21156
high,2,ee_velocity,2,0.29981303215026855,655,164,21156
high,2,ee_velocity,3,0.2860381603240967,655,164,21156
high,2,ee_velocity,4,0.28996890783309937,656,163,21027
high,2,ee_acceleration,0,0.10507082939147949,655,164,21156
high,2,ee_acceleration,1,0.10901374369859695,655,164,21156
high,2,ee_acceleration,2,0.1106438934803009,655,164,21156
high,2,ee_acceleration,3,0.1069004237651825,655,164,21156
high,2,ee_acceleration,4,0.10618428885936737,656,163,21027
high,2,contact_flag,0,1.0,655,164,21156
high,2,contact_flag,1,1.0,655,164,21156
high,2,contact_flag,2,1.0,655,164,21156
high,2,contact_flag,3,1.0,655,164,21156
high,2,contact_flag,4,1.0,656,163,21027
high,2,contact_force_log1p_mag,0,0.37862879037857056,655,164,21156
high,2,contact_force_log1p_mag,1,0.356958270072937,655,164,21156
high,2,contact_force_log1p_mag,2,0.36195647716522217,655,164,21156
high,2,contact_force_log1p_mag,3,0.35595476627349854,655,164,21156
high,2,contact_force_log1p_mag,4,0.3752216696739197,656,163,21027
high,3,ee_velocity,0,0.47379350662231445,655,164,21156
high,3,ee_velocity,1,0.4686754047870636,655,164,21156
high,3,ee_velocity,2,0.49493733048439026,655,164,21156
high,3,ee_velocity,3,0.4932698607444763,655,164,21156
high,3,ee_velocity,4,0.4840732514858246,656,163,21027
high,3,ee_acceleration,0,0.17791137099266052,655,164,21156
high,3,ee_acceleration,1,0.18796521425247192,655,164,21156
high,3,ee_acceleration,2,0.19075070321559906,655,164,21156
high,3,ee_acceleration,3,0.1907501369714737,655,164,21156
high,3,ee_acceleration,4,0.18187512457370758,656,163,21027
high,3,contact_flag,0,1.0,655,164,21156
high,3,contact_flag,1,1.0,655,164,21156
high,3,contact_flag,2,1.0,655,164,21156
high,3,contact_flag,3,1.0,655,164,21156
high,3,contact_flag,4,1.0,656,163,21027
high,3,contact_force_log1p_mag,0,0.3910537362098694,655,164,21156
high,3,contact_force_log1p_mag,1,0.3672523498535156,655,164,21156
high,3,contact_force_log1p_mag,2,0.36988067626953125,655,164,21156
high,3,contact_force_log1p_mag,3,0.3706092834472656,655,164,21156
high,3,contact_force_log1p_mag,4,0.37328022718429565,656,163,21027
high,4,ee_velocity,0,0.5142778754234314,655,164,21156
high,4,ee_velocity,1,0.5114068984985352,655,164,21156
high,4,ee_velocity,2,0.5202901363372803,655,164,21156
high,4,ee_velocity,3,0.5229604244232178,655,164,21156
high,4,ee_velocity,4,0.5309761762619019,656,163,21027
high,4,ee_acceleration,0,0.1800449639558792,655,164,21156
high,4,ee_acceleration,1,0.18705962598323822,655,164,21156
high,4,ee_acceleration,2,0.19336152076721191,655,164,21156
high,4,ee_acceleration,3,0.19902580976486206,655,164,21156
high,4,ee_acceleration,4,0.18780985474586487,656,163,21027
high,4,contact_flag,0,1.0,655,164,21156
high,4,contact_flag,1,1.0,655,164,21156
high,4,contact_flag,2,1.0,655,164,21156
high,4,contact_flag,3,1.0,655,164,21156
high,4,contact_flag,4,1.0,656,163,21027
high,4,contact_force_log1p_mag,0,0.40240269899368286,655,164,21156
high,4,contact_force_log1p_mag,1,0.3744482398033142,655,164,21156
high,4,contact_force_log1p_mag,2,0.39396560192108154,655,164,21156
high,4,contact_force_log1p_mag,3,0.40074729919433594,655,164,21156
high,4,contact_force_log1p_mag,4,0.3862277865409851,656,163,21027
high,5,ee_velocity,0,0.5753141045570374,655,164,21156
high,5,ee_velocity,1,0.5751407146453857,655,164,21156
high,5,ee_velocity,2,0.5902559757232666,655,164,21156
high,5,ee_velocity,3,0.590391993522644,655,164,21156
high,5,ee_velocity,4,0.5948162078857422,656,163,21027
high,5,ee_acceleration,0,0.22447159886360168,655,164,21156
high,5,ee_acceleration,1,0.2350974977016449,655,164,21156
high,5,ee_acceleration,2,0.23197811841964722,655,164,21156
high,5,ee_acceleration,3,0.23154787719249725,655,164,21156
high,5,ee_acceleration,4,0.22940734028816223,656,163,21027
high,5,contact_flag,0,1.0,655,164,21156
high,5,contact_flag,1,1.0,655,164,21156
high,5,contact_flag,2,1.0,655,164,21156
high,5,contact_flag,3,1.0,655,164,21156
high,5,contact_flag,4,1.0,656,163,21027
high,5,contact_force_log1p_mag,0,0.41556018590927124,655,164,21156
high,5,contact_force_log1p_mag,1,0.390805184841156,655,164,21156
high,5,contact_force_log1p_mag,2,0.4046086072921753,655,164,21156
high,5,contact_force_log1p_mag,3,0.39875900745391846,655,164,21156
high,5,contact_force_log1p_mag,4,0.38678908348083496,656,163,21027
high,6,ee_velocity,0,0.6263607144355774,655,164,21156
high,6,ee_velocity,1,0.6177501678466797,655,164,21156
high,6,ee_velocity,2,0.6290470361709595,655,164,21156
high,6,ee_velocity,3,0.6385855674743652,655,164,21156
high,6,ee_velocity,4,0.6397505402565002,656,163,21027
high,6,ee_acceleration,0,0.24915830790996552,655,164,21156
high,6,ee_acceleration,1,0.26007264852523804,655,164,21156
high,6,ee_acceleration,2,0.2621721029281616,655,164,21156
high,6,ee_acceleration,3,0.2706490755081177,655,164,21156
high,6,ee_acceleration,4,0.26458749175071716,656,163,21027
high,6,contact_flag,0,1.0,655,164,21156
high,6,contact_flag,1,1.0,655,164,21156
high,6,contact_flag,2,1.0,655,164,21156
high,6,contact_flag,3,1.0,655,164,21156
high,6,contact_flag,4,1.0,656,163,21027
high,6,contact_force_log1p_mag,0,0.4182978868484497,655,164,21156
high,6,contact_force_log1p_mag,1,0.3910849690437317,655,164,21156
high,6,contact_force_log1p_mag,2,0.41335099935531616,655,164,21156
high,6,contact_force_log1p_mag,3,0.4030756950378418,655,164,21156
high,6,contact_force_log1p_mag,4,0.3868749737739563,656,163,21027
high,7,ee_velocity,0,0.6868036985397339,655,164,21156
high,7,ee_velocity,1,0.676002025604248,655,164,21156
high,7,ee_velocity,2,0.6936624646186829,655,164,21156
high,7,ee_velocity,3,0.6964207887649536,655,164,21156
high,7,ee_velocity,4,0.6909968852996826,656,163,21027
high,7,ee_acceleration,0,0.2545170187950134,655,164,21156
high,7,ee_acceleration,1,0.26958587765693665,655,164,21156
high,7,ee_acceleration,2,0.2709583640098572,655,164,21156
high,7,ee_acceleration,3,0.28157690167427063,655,164,21156
high,7,ee_acceleration,4,0.27370497584342957,656,163,21027
high,7,contact_flag,0,1.0,655,164,21156
high,7,contact_flag,1,1.0,655,164,21156
high,7,contact_flag,2,1.0,655,164,21156
high,7,contact_flag,3,1.0,655,164,21156
high,7,contact_flag,4,1.0,656,163,21027
high,7,contact_force_log1p_mag,0,0.41499918699264526,655,164,21156
high,7,contact_force_log1p_mag,1,0.3923988342285156,655,164,21156
high,7,contact_force_log1p_mag,2,0.4097501039505005,655,164,21156
high,7,contact_force_log1p_mag,3,0.4174898862838745,655,164,21156
high,7,contact_force_log1p_mag,4,0.40265125036239624,656,163,21027
high,8,ee_velocity,0,0.6770896911621094,655,164,21156
high,8,ee_velocity,1,0.6621940732002258,655,164,21156
high,8,ee_velocity,2,0.6828291416168213,655,164,21156
high,8,ee_velocity,3,0.6865509152412415,655,164,21156
high,8,ee_velocity,4,0.6819275617599487,656,163,21027
high,8,ee_acceleration,0,0.257425993680954,655,164,21156
high,8,ee_acceleration,1,0.26418161392211914,655,164,21156
high,8,ee_acceleration,2,0.27896055579185486,655,164,21156
high,8,ee_acceleration,3,0.2850765585899353,655,164,21156
high,8,ee_acceleration,4,0.2765249013900757,656,163,21027
high,8,contact_flag,0,1.0,655,164,21156
high,8,contact_flag,1,1.0,655,164,21156
high,8,contact_flag,2,1.0,655,164,21156
high,8,contact_flag,3,1.0,655,164,21156
high,8,contact_flag,4,1.0,656,163,21027
high,8,contact_force_log1p_mag,0,0.42323094606399536,655,164,21156
high,8,contact_force_log1p_mag,1,0.4042137861251831,655,164,21156
high,8,contact_force_log1p_mag,2,0.4221857190132141,655,164,21156
high,8,contact_force_log1p_mag,3,0.4311946630477905,655,164,21156
high,8,contact_force_log1p_mag,4,0.4169846177101135,656,163,21027
high,9,ee_velocity,0,0.6837686896324158,655,164,21156
high,9,ee_velocity,1,0.6729646325111389,655,164,21156
high,9,ee_velocity,2,0.6994349360466003,655,164,21156
high,9,ee_velocity,3,0.696742832660675,655,164,21156
high,9,ee_velocity,4,0.6920135021209717,656,163,21027
high,9,ee_acceleration,0,0.2773701548576355,655,164,21156
high,9,ee_acceleration,1,0.29442957043647766,655,164,21156
high,9,ee_acceleration,2,0.29463136196136475,655,164,21156
high,9,ee_acceleration,3,0.293692946434021,655,164,21156
high,9,ee_acceleration,4,0.3028208315372467,656,163,21027
high,9,contact_flag,0,1.0,655,164,21156
high,9,contact_flag,1,1.0,655,164,21156
high,9,contact_flag,2,1.0,655,164,21156
high,9,contact_flag,3,1.0,655,164,21156
high,9,contact_flag,4,1.0,656,163,21027
high,9,contact_force_log1p_mag,0,0.4351513385772705,655,164,21156
high,9,contact_force_log1p_mag,1,0.4157658815383911,655,164,21156
high,9,contact_force_log1p_mag,2,0.42707937955856323,655,164,21156
high,9,contact_force_log1p_mag,3,0.43716931343078613,655,164,21156
high,9,contact_force_log1p_mag,4,0.4215756058692932,656,163,21027
high,10,ee_velocity,0,0.6975433230400085,655,164,21156
high,10,ee_velocity,1,0.6870872378349304,655,164,21156
high,10,ee_velocity,2,0.7017375826835632,655,164,21156
high,10,ee_velocity,3,0.7039806842803955,655,164,21156
high,10,ee_velocity,4,0.6965317130088806,656,163,21027
high,10,ee_acceleration,0,0.2846784293651581,655,164,21156
high,10,ee_acceleration,1,0.3044482171535492,655,164,21156
high,10,ee_acceleration,2,0.2982579171657562,655,164,21156
high,10,ee_acceleration,3,0.304858922958374,655,164,21156
high,10,ee_acceleration,4,0.3018898665904999,656,163,21027
high,10,contact_flag,0,1.0,655,164,21156
high,10,contact_flag,1,1.0,655,164,21156
high,10,contact_flag,2,1.0,655,164,21156
high,10,contact_flag,3,1.0,655,164,21156
high,10,contact_flag,4,1.0,656,163,21027
high,10,contact_force_log1p_mag,0,0.4390028715133667,655,164,21156
high,10,contact_force_log1p_mag,1,0.42113423347473145,655,164,21156
high,10,contact_force_log1p_mag,2,0.42722976207733154,655,164,21156
high,10,contact_force_log1p_mag,3,0.4364924430847168,655,164,21156
high,10,contact_force_log1p_mag,4,0.42156052589416504,656,163,21027
high,11,ee_velocity,0,0.7015219926834106,655,164,21156
high,11,ee_velocity,1,0.6951413750648499,655,164,21156
high,11,ee_velocity,2,0.7128602862358093,655,164,21156
high,11,ee_velocity,3,0.7119024395942688,655,164,21156
high,11,ee_velocity,4,0.7048014998435974,656,163,21027
high,11,ee_acceleration,0,0.2949196696281433,655,164,21156
high,11,ee_acceleration,1,0.30408111214637756,655,164,21156
high,11,ee_acceleration,2,0.29982948303222656,655,164,21156
high,11,ee_acceleration,3,0.31123271584510803,655,164,21156
high,11,ee_acceleration,4,0.31005752086639404,656,163,21027
high,11,contact_flag,0,1.0,655,164,21156
high,11,contact_flag,1,1.0,655,164,21156
high,11,contact_flag,2,1.0,655,164,21156
high,11,contact_flag,3,1.0,655,164,21156
high,11,contact_flag,4,1.0,656,163,21027
high,11,contact_force_log1p_mag,0,0.44661539793014526,655,164,21156
high,11,contact_force_log1p_mag,1,0.4248780608177185,655,164,21156
high,11,contact_force_log1p_mag,2,0.4346846342086792,655,164,21156
high,11,contact_force_log1p_mag,3,0.4371371865272522,655,164,21156
high,11,contact_force_log1p_mag,4,0.41869282722473145,656,163,21027
high,12,ee_velocity,0,0.6838377118110657,655,164,21156
high,12,ee_velocity,1,0.6778059005737305,655,164,21156
high,12,ee_velocity,2,0.6968221664428711,655,164,21156
high,12,ee_velocity,3,0.698598325252533,655,164,21156
high,12,ee_velocity,4,0.6919410228729248,656,163,21027
high,12,ee_acceleration,0,0.2841596305370331,655,164,21156
high,12,ee_acceleration,1,0.302484929561615,655,164,21156
high,12,ee_acceleration,2,0.2942407429218292,655,164,21156
high,12,ee_acceleration,3,0.2981407344341278,655,164,21156
high,12,ee_acceleration,4,0.3022386431694031,656,163,21027
high,12,contact_flag,0,1.0,655,164,21156
high,12,contact_flag,1,1.0,655,164,21156
high,12,contact_flag,2,1.0,655,164,21156
high,12,contact_flag,3,1.0,655,164,21156
high,12,contact_flag,4,1.0,656,163,21027
high,12,contact_force_log1p_mag,0,0.45478153228759766,655,164,21156
high,12,contact_force_log1p_mag,1,0.42951399087905884,655,164,21156
high,12,contact_force_log1p_mag,2,0.43337321281433105,655,164,21156
high,12,contact_force_log1p_mag,3,0.4514263868331909,655,164,21156
high,12,contact_force_log1p_mag,4,0.42445456981658936,656,163,21027
high,13,ee_velocity,0,0.7143887281417847,655,164,21156
high,13,ee_velocity,1,0.7045191526412964,655,164,21156
high,13,ee_velocity,2,0.7252137660980225,655,164,21156
high,13,ee_velocity,3,0.72377610206604,655,164,21156
high,13,ee_velocity,4,0.7204881906509399,656,163,21027
high,13,ee_acceleration,0,0.3392171263694763,655,164,21156
high,13,ee_acceleration,1,0.3639627695083618,655,164,21156
high,13,ee_acceleration,2,0.3436545133590698,655,164,21156
high,13,ee_acceleration,3,0.3529427647590637,655,164,21156
high,13,ee_acceleration,4,0.36315977573394775,656,163,21027
high,13,contact_flag,0,1.0,655,164,21156
high,13,contact_flag,1,1.0,655,164,21156
high,13,contact_flag,2,1.0,655,164,21156
high,13,contact_flag,3,1.0,655,164,21156
high,13,contact_flag,4,1.0,656,163,21027
high,13,contact_force_log1p_mag,0,0.4682764410972595,655,164,21156
high,13,contact_force_log1p_mag,1,0.44180023670196533,655,164,21156
high,13,contact_force_log1p_mag,2,0.44210898876190186,655,164,21156
high,13,contact_force_log1p_mag,3,0.46477341651916504,655,164,21156
high,13,contact_force_log1p_mag,4,0.44127267599105835,656,163,21027
high,14,ee_velocity,0,0.7373673319816589,655,164,21156
high,14,ee_velocity,1,0.7212697863578796,655,164,21156
high,14,ee_velocity,2,0.7408097386360168,655,164,21156
high,14,ee_velocity,3,0.740955114364624,655,164,21156
high,14,ee_velocity,4,0.7375444173812866,656,163,21027
high,14,ee_acceleration,0,0.33716121315956116,655,164,21156
high,14,ee_acceleration,1,0.36024606227874756,655,164,21156
high,14,ee_acceleration,2,0.34761831164360046,655,164,21156
high,14,ee_acceleration,3,0.35565394163131714,655,164,21156
high,14,ee_acceleration,4,0.3655460774898529,656,163,21027
high,14,contact_flag,0,1.0,655,164,21156
high,14,contact_flag,1,1.0,655,164,21156
high,14,contact_flag,2,1.0,655,164,21156
high,14,contact_flag,3,1.0,655,164,21156
high,14,contact_flag,4,1.0,656,163,21027
high,14,contact_force_log1p_mag,0,0.4669058918952942,655,164,21156
high,14,contact_force_log1p_mag,1,0.4450002908706665,655,164,21156
high,14,contact_force_log1p_mag,2,0.4428715109825134,655,164,21156
high,14,contact_force_log1p_mag,3,0.46127253770828247,655,164,21156
high,14,contact_force_log1p_mag,4,0.44429051876068115,656,163,21027
high,15,ee_velocity,0,0.777686595916748,655,164,21156
high,15,ee_velocity,1,0.7800465226173401,655,164,21156
high,15,ee_velocity,2,0.7921896576881409,655,164,21156
high,15,ee_velocity,3,0.7886138558387756,655,164,21156
high,15,ee_velocity,4,0.7861886024475098,656,163,21027
high,15,ee_acceleration,0,0.36449918150901794,655,164,21156
high,15,ee_acceleration,1,0.3732045888900757,655,164,21156
high,15,ee_acceleration,2,0.3738386631011963,655,164,21156
high,15,ee_acceleration,3,0.37597012519836426,655,164,21156
high,15,ee_acceleration,4,0.3866007626056671,656,163,21027
high,15,contact_flag,0,1.0,655,164,21156
high,15,contact_flag,1,1.0,655,164,21156
high,15,contact_flag,2,1.0,655,164,21156
high,15,contact_flag,3,1.0,655,164,21156
high,15,contact_flag,4,1.0,656,163,21027
high,15,contact_force_log1p_mag,0,0.46839696168899536,655,164,21156
high,15,contact_force_log1p_mag,1,0.4565054774284363,655,164,21156
high,15,contact_force_log1p_mag,2,0.46482419967651367,655,164,21156
high,15,contact_force_log1p_mag,3,0.4760432243347168,655,164,21156
high,15,contact_force_log1p_mag,4,0.4572495222091675,656,163,21027
high,16,ee_velocity,0,0.8001096844673157,655,164,21156
high,16,ee_velocity,1,0.7966356873512268,655,164,21156
high,16,ee_velocity,2,0.8069055676460266,655,164,21156
high,16,ee_velocity,3,0.8091365098953247,655,164,21156
high,16,ee_velocity,4,0.8028843998908997,656,163,21027
high,16,ee_acceleration,0,0.3753920793533325,655,164,21156
high,16,ee_acceleration,1,0.3724256753921509,655,164,21156
high,16,ee_acceleration,2,0.3736574649810791,655,164,21156
high,16,ee_acceleration,3,0.3820635974407196,655,164,21156
high,16,ee_acceleration,4,0.3839738965034485,656,163,21027
high,16,contact_flag,0,1.0,655,164,21156
high,16,contact_flag,1,1.0,655,164,21156
high,16,contact_flag,2,1.0,655,164,21156
high,16,contact_flag,3,1.0,655,164,21156
high,16,contact_flag,4,1.0,656,163,21027
high,16,contact_force_log1p_mag,0,0.47503894567489624,655,164,21156
high,16,contact_force_log1p_mag,1,0.4514566659927368,655,164,21156
high,16,contact_force_log1p_mag,2,0.45964592695236206,655,164,21156
high,16,contact_force_log1p_mag,3,0.4781990647315979,655,164,21156
high,16,contact_force_log1p_mag,4,0.45918548107147217,656,163,21027
high,17,ee_velocity,0,0.8259361386299133,655,164,21156
high,17,ee_velocity,1,0.8257226943969727,655,164,21156
high,17,ee_velocity,2,0.8317002654075623,655,164,21156
high,17,ee_velocity,3,0.8355152606964111,655,164,21156
high,17,ee_velocity,4,0.8295295834541321,656,163,21027
high,17,ee_acceleration,0,0.3904162049293518,655,164,21156
high,17,ee_acceleration,1,0.40223005414009094,655,164,21156
high,17,ee_acceleration,2,0.392582505941391,655,164,21156
high,17,ee_acceleration,3,0.40117666125297546,655,164,21156
high,17,ee_acceleration,4,0.4077211022377014,656,163,21027
high,17,contact_flag,0,1.0,655,164,21156
high,17,contact_flag,1,1.0,655,164,21156
high,17,contact_flag,2,1.0,655,164,21156
high,17,contact_flag,3,1.0,655,164,21156
high,17,contact_flag,4,1.0,656,163,21027
high,17,contact_force_log1p_mag,0,0.4714232087135315,655,164,21156
high,17,contact_force_log1p_mag,1,0.4632225036621094,655,164,21156
high,17,contact_force_log1p_mag,2,0.46901077032089233,655,164,21156
high,17,contact_force_log1p_mag,3,0.48713988065719604,655,164,21156
high,17,contact_force_log1p_mag,4,0.4638190269470215,656,163,21027
high,18,ee_velocity,0,0.828209638595581,655,164,21156
high,18,ee_velocity,1,0.8269361853599548,655,164,21156
high,18,ee_velocity,2,0.8355637788772583,655,164,21156
high,18,ee_velocity,3,0.8371779918670654,655,164,21156
high,18,ee_velocity,4,0.832070529460907,656,163,21027
high,18,ee_acceleration,0,0.3933011293411255,655,164,21156
high,18,ee_acceleration,1,0.3993343114852905,655,164,21156
high,18,ee_acceleration,2,0.3993373513221741,655,164,21156
high,18,ee_acceleration,3,0.4004955291748047,655,164,21156
high,18,ee_acceleration,4,0.41226017475128174,656,163,21027
high,18,contact_flag,0,1.0,655,164,21156
high,18,contact_flag,1,1.0,655,164,21156
high,18,contact_flag,2,1.0,655,164,21156
high,18,contact_flag,3,1.0,655,164,21156
high,18,contact_flag,4,1.0,656,163,21027
high,18,contact_force_log1p_mag,0,0.4752323031425476,655,164,21156
high,18,contact_force_log1p_mag,1,0.4616536498069763,655,164,21156
high,18,contact_force_log1p_mag,2,0.4686606526374817,655,164,21156
high,18,contact_force_log1p_mag,3,0.4915527105331421,655,164,21156
high,18,contact_force_log1p_mag,4,0.468708872795105,656,163,21027
high,19,ee_velocity,0,0.8278570771217346,655,164,21156
high,19,ee_velocity,1,0.8277305364608765,655,164,21156
high,19,ee_velocity,2,0.8354972004890442,655,164,21156
high,19,ee_velocity,3,0.8374213576316833,655,164,21156
high,19,ee_velocity,4,0.8313910961151123,656,163,21027
high,19,ee_acceleration,0,0.40341606736183167,655,164,21156
high,19,ee_acceleration,1,0.3966332972049713,655,164,21156
high,19,ee_acceleration,2,0.39719098806381226,655,164,21156
high,19,ee_acceleration,3,0.39677393436431885,655,164,21156
high,19,ee_acceleration,4,0.4108840227127075,656,163,21027
high,19,contact_flag,0,1.0,655,164,21156
high,19,contact_flag,1,1.0,655,164,21156
high,19,contact_flag,2,1.0,655,164,21156
high,19,contact_flag,3,1.0,655,164,21156
high,19,contact_flag,4,1.0,656,163,21027
high,19,contact_force_log1p_mag,0,0.4785372018814087,655,164,21156
high,19,contact_force_log1p_mag,1,0.46730560064315796,655,164,21156
high,19,contact_force_log1p_mag,2,0.46781641244888306,655,164,21156
high,19,contact_force_log1p_mag,3,0.4884033203125,655,164,21156
high,19,contact_force_log1p_mag,4,0.47248613834381104,656,163,21027
high,20,ee_velocity,0,0.8263360261917114,655,164,21156
high,20,ee_velocity,1,0.8236087560653687,655,164,21156
high,20,ee_velocity,2,0.8338391184806824,655,164,21156
high,20,ee_velocity,3,0.8374961614608765,655,164,21156
high,20,ee_velocity,4,0.8293910622596741,656,163,21027
high,20,ee_acceleration,0,0.38339871168136597,655,164,21156
high,20,ee_acceleration,1,0.3728158175945282,655,164,21156
high,20,ee_acceleration,2,0.384951114654541,655,164,21156
high,20,ee_acceleration,3,0.38965901732444763,655,164,21156
high,20,ee_acceleration,4,0.39128896594047546,656,163,21027
high,20,contact_flag,0,1.0,655,164,21156
high,20,contact_flag,1,1.0,655,164,21156
high,20,contact_flag,2,1.0,655,164,21156
high,20,contact_flag,3,1.0,655,164,21156
high,20,contact_flag,4,1.0,656,163,21027
high,20,contact_force_log1p_mag,0,0.47680801153182983,655,164,21156
high,20,contact_force_log1p_mag,1,0.4690461754798889,655,164,21156
high,20,contact_force_log1p_mag,2,0.46625983715057373,655,164,21156
high,20,contact_force_log1p_mag,3,0.48577213287353516,655,164,21156
high,20,contact_force_log1p_mag,4,0.47683942317962646,656,163,21027
high,21,ee_velocity,0,0.8227349519729614,655,164,21156
high,21,ee_velocity,1,0.821138858795166,655,164,21156
high,21,ee_velocity,2,0.8315505981445312,655,164,21156
high,21,ee_velocity,3,0.8342379927635193,655,164,21156
high,21,ee_velocity,4,0.8247283697128296,656,163,21027
high,21,ee_acceleration,0,0.36605092883110046,655,164,21156
high,21,ee_acceleration,1,0.3614639639854431,655,164,21156
high,21,ee_acceleration,2,0.36332982778549194,655,164,21156
high,21,ee_acceleration,3,0.36551034450531006,655,164,21156
high,21,ee_acceleration,4,0.37767526507377625,656,163,21027
high,21,contact_flag,0,1.0,655,164,21156
high,21,contact_flag,1,1.0,655,164,21156
high,21,contact_flag,2,1.0,655,164,21156
high,21,contact_flag,3,1.0,655,164,21156
high,21,contact_flag,4,1.0,656,163,21027
high,21,contact_force_log1p_mag,0,0.4789484739303589,655,164,21156
high,21,contact_force_log1p_mag,1,0.46474504470825195,655,164,21156
high,21,contact_force_log1p_mag,2,0.4629896879196167,655,164,21156
high,21,contact_force_log1p_mag,3,0.49096667766571045,655,164,21156
high,21,contact_force_log1p_mag,4,0.4712527394294739,656,163,21027
high,22,ee_velocity,0,0.8218443393707275,655,164,21156
high,22,ee_velocity,1,0.8176460266113281,655,164,21156
high,22,ee_velocity,2,0.828687310218811,655,164,21156
high,22,ee_velocity,3,0.8310207724571228,655,164,21156
high,22,ee_velocity,4,0.8233219981193542,656,163,21027
high,22,ee_acceleration,0,0.3640536963939667,655,164,21156
high,22,ee_acceleration,1,0.35328593850135803,655,164,21156
high,22,ee_acceleration,2,0.3591768145561218,655,164,21156
high,22,ee_acceleration,3,0.3619934320449829,655,164,21156
high,22,ee_acceleration,4,0.36787518858909607,656,163,21027
high,22,contact_flag,0,1.0,655,164,21156
high,22,contact_flag,1,1.0,655,164,21156
high,22,contact_flag,2,1.0,655,164,21156
high,22,contact_flag,3,1.0,655,164,21156
high,22,contact_flag,4,1.0,656,163,21027
high,22,contact_force_log1p_mag,0,0.4776040315628052,655,164,21156
high,22,contact_force_log1p_mag,1,0.4645715355873108,655,164,21156
high,22,contact_force_log1p_mag,2,0.4636063575744629,655,164,21156
high,22,contact_force_log1p_mag,3,0.48656511306762695,655,164,21156
high,22,contact_force_log1p_mag,4,0.4720039367675781,656,163,21027
high,23,ee_velocity,0,0.8172242045402527,655,164,21156
high,23,ee_velocity,1,0.8158327341079712,655,164,21156
high,23,ee_velocity,2,0.8263417482376099,655,164,21156
high,23,ee_velocity,3,0.8275975584983826,655,164,21156
high,23,ee_velocity,4,0.8192490935325623,656,163,21027
high,23,ee_acceleration,0,0.3650781214237213,655,164,21156
high,23,ee_acceleration,1,0.35507339239120483,655,164,21156
high,23,ee_acceleration,2,0.35893547534942627,655,164,21156
high,23,ee_acceleration,3,0.35939761996269226,655,164,21156
high,23,ee_acceleration,4,0.3727244436740875,656,163,21027
high,23,contact_flag,0,1.0,655,164,21156
high,23,contact_flag,1,1.0,655,164,21156
high,23,contact_flag,2,1.0,655,164,21156
high,23,contact_flag,3,1.0,655,164,21156
high,23,contact_flag,4,1.0,656,163,21027
high,23,contact_force_log1p_mag,0,0.4777168035507202,655,164,21156
high,23,contact_force_log1p_mag,1,0.461664617061615,655,164,21156
high,23,contact_force_log1p_mag,2,0.460162878036499,655,164,21156
high,23,contact_force_log1p_mag,3,0.4818376302719116,655,164,21156
high,23,contact_force_log1p_mag,4,0.46916866302490234,656,163,21027
