representation,model,layer,probe_seed,split,episode_id,n_windows,r2
vjepa_pez,large,11,42,iid,11,68,0.9336621121619822
vjepa_pez,large,11,42,iid,35,68,0.8857003598527908
vjepa_pez,large,11,42,iid,40,68,0.673412945844009
vjepa_pez,large,11,42,iid,44,68,0.9234429559990731
vjepa_pez,large,11,42,iid,48,68,0.8154528628215796
vjepa_pez,large,11,42,iid,62,68,0.9088108894444349
vjepa_pez,large,11,42,iid,64,68,0.7475287102178483
vjepa_pez,large,11,42,iid,77,68,0.7292553357151252
vjepa_pez,large,11,42,iid,91,68,0.8751464718300357
vjepa_pez,large,11,42,iid,96,68,0.9041873660324468
vjepa_pez,large,11,42,iid,100,68,0.9255866366067634
vjepa_pez,large,11,42,iid,110,68,0.9443121960634551
vjepa_pez,large,11,42,iid,111,68,0.7183919342769944
vjepa_pez,large,11,42,iid,121,68,0.8315641916982395
vjepa_pez,large,11,42,iid,126,68,0.9096236330767312
vjepa_pez,large,11,42,iid,128,68,0.8383643563075452
vjepa_pez,large,11,42,iid,132,68,0.9306334967111597
vjepa_pez,large,11,42,iid,137,68,0.9246969737305704
vjepa_pez,large,11,42,iid,138,68,0.9127832037979978
vjepa_pez,large,11,42,iid,154,68,0.9165384145592709
vjepa_pez,large,11,42,iid,174,68,0.8850974487995652
vjepa_pez,large,11,42,iid,197,68,0.7324741272325757
vjepa_pez,large,11,42,iid,202,68,0.7916311652297037
vjepa_pez,large,11,42,iid,217,68,0.7624166448910284
vjepa_pez,large,11,42,iid,221,68,0.859357316018197
vjepa_pez,large,11,42,iid,224,68,0.8876022039250892
vjepa_pez,large,11,42,iid,225,68,0.8957273449149352
vjepa_pez,large,11,42,iid,234,68,0.8865158803583966
vjepa_pez,large,11,42,iid,260,68,0.8964950814003847
vjepa_pez,large,11,42,iid,271,68,0.5974945596406597
vjepa_pez,large,11,42,iid,287,68,0.9205115725520636
vjepa_pez,large,11,42,iid,290,68,0.8244390228462412
vjepa_pez,large,11,42,iid,291,68,0.9048835307764658
vjepa_pez,large,11,42,iid,298,68,0.9501844254197573
vjepa_pez,large,11,42,iid,301,68,0.9026059844642558
vjepa_pez,large,11,42,iid,303,68,0.8174812544913364
vjepa_pez,large,11,42,iid,304,68,0.9342492955610207
vjepa_pez,large,11,42,iid,307,68,0.8648107238970596
vjepa_pez,large,11,42,iid,317,68,0.7656059406759593
vjepa_pez,large,11,42,iid,319,68,0.8738364398329058
vjepa_pez,large,11,42,iid,324,68,0.8886772798462668
vjepa_pez,large,11,42,iid,340,68,0.9368982332769408
vjepa_pez,large,11,42,iid,344,68,0.899409242482939
vjepa_pez,large,11,42,iid,363,68,0.8000154233471584
vjepa_pez,large,11,42,iid,364,68,0.8806104102130596
vjepa_pez,large,11,42,iid,366,68,0.9369903258024462
vjepa_pez,large,11,42,iid,368,68,0.942398907168809
vjepa_pez,large,11,42,iid,369,68,0.9313737349398206
vjepa_pez,large,11,42,iid,373,68,0.894321877055828
vjepa_pez,large,11,42,iid,380,68,0.8891955140240517
vjepa_pez,large,11,42,iid,384,68,0.9347974242326138
vjepa_pez,large,11,42,iid,405,68,0.9337482587968685
vjepa_pez,large,11,42,iid,410,68,0.915541441675438
vjepa_pez,large,11,42,iid,444,68,0.9344634571817887
vjepa_pez,large,11,42,iid,445,68,0.9459540703295939
vjepa_pez,large,11,42,iid,462,68,0.9373585678844385
vjepa_pez,large,11,42,iid,482,68,0.9291005994737709
vjepa_pez,large,11,42,iid,487,68,0.952142764874532
vjepa_pez,large,11,42,iid,494,68,0.9108571553414352
vjepa_pez,large,11,42,iid,512,68,0.9272176351361671
vjepa_pez,large,11,42,iid,516,68,0.8978594797787048
vjepa_pez,large,11,42,iid,519,68,0.9289409510664657
vjepa_pez,large,11,42,iid,522,68,0.9540770998455342
vjepa_pez,large,11,42,iid,528,68,0.9607443284532913
vjepa_pez,large,11,42,iid,538,68,0.8570575879906861
vjepa_pez,large,11,42,iid,539,68,0.6560751542085405
vjepa_pez,large,11,42,iid,542,68,0.7703665204726564
vjepa_pez,large,11,42,iid,562,68,0.8966530862181044
vjepa_pez,large,11,42,iid,573,68,0.9251614175706573
vjepa_pez,large,11,42,iid,606,68,0.9349148801765801
vjepa_pez,large,11,42,iid,610,68,0.948287490993805
vjepa_pez,large,11,42,iid,657,68,0.6263525559823013
vjepa_pez,large,11,42,iid,667,68,0.8648161714079825
vjepa_pez,large,11,42,iid,674,68,0.737579753557706
vjepa_pez,large,11,42,iid,675,68,0.9531889294065348
vjepa_pez,large,11,42,iid,679,68,0.8268361179124657
vjepa_pez,large,11,42,iid,733,68,0.9168577728597064
vjepa_pez,large,11,42,iid,740,68,0.9248240406850932
vjepa_pez,large,11,42,iid,783,68,0.901569431382522
vjepa_pez,large,11,42,iid,786,68,0.9056401931589703
vjepa_pez,large,11,42,iid,789,68,0.8929213847537993
vjepa_pez,large,11,42,iid,800,68,0.8950017047532899
vjepa_pez,large,11,42,iid,810,68,0.8989316402078336
vjepa_pez,large,11,42,iid,815,68,0.7450855778478075
vjepa_pez,large,11,42,iid,822,68,0.9420892538983499
vjepa_pez,large,11,42,iid,832,68,0.9489302551760305
vjepa_pez,large,11,42,iid,850,68,0.9229828096533806
vjepa_pez,large,11,42,iid,871,68,0.7868673296613846
vjepa_pez,large,11,42,iid,872,68,0.7582176220107775
vjepa_pez,large,11,42,iid,887,68,0.784258601216114
vjepa_pez,large,11,42,iid,889,68,0.9412626010936163
vjepa_pez,large,11,42,iid,910,68,0.8972283064027832
vjepa_pez,large,11,42,iid,939,68,0.896592184171849
vjepa_pez,large,11,42,iid,941,68,0.7621668937029231
vjepa_pez,large,11,42,iid,950,68,0.957057975908126
vjepa_pez,large,11,42,iid,956,68,0.9214945096360303
vjepa_pez,large,11,42,iid,958,68,0.9569436916123101
vjepa_pez,large,11,42,iid,967,68,0.943445281186987
vjepa_pez,large,11,42,iid,972,68,0.8755881646654482
vjepa_pez,large,11,42,iid,983,68,0.803535477475561
vjepa_pez,large,11,42,iid,984,68,0.5324940870908984
vjepa_pez,large,11,42,iid,987,68,0.8397762521575018
vjepa_pez,large,11,42,iid,988,68,0.7023835366887854
vjepa_pez,large,11,42,iid,989,68,0.904852996976317
vjepa_pez,large,11,42,iid,994,68,0.8986767381911077
vjepa_pez,large,11,42,ood,1,68,0.885870540197769
vjepa_pez,large,11,42,ood,3,68,0.8997497384192716
vjepa_pez,large,11,42,ood,4,68,0.9400495693770118
vjepa_pez,large,11,42,ood,5,68,0.9131594281980885
vjepa_pez,large,11,42,ood,6,68,0.9227391394052226
vjepa_pez,large,11,42,ood,16,68,0.9024064420989405
vjepa_pez,large,11,42,ood,23,68,0.875636057463688
vjepa_pez,large,11,42,ood,25,68,0.8837872384834714
vjepa_pez,large,11,42,ood,27,68,0.9312211653148194
vjepa_pez,large,11,42,ood,29,68,0.8827019325203554
vjepa_pez,large,11,42,ood,36,68,0.9425537883186634
vjepa_pez,large,11,42,ood,37,68,0.7343175152401289
vjepa_pez,large,11,42,ood,39,68,0.8822410241471942
vjepa_pez,large,11,42,ood,43,68,0.9423665348059388
vjepa_pez,large,11,42,ood,45,68,0.920369060298297
vjepa_pez,large,11,42,ood,46,68,0.8615930803637099
vjepa_pez,large,11,42,ood,50,68,0.907843959273875
vjepa_pez,large,11,42,ood,58,68,0.9559510949014447
vjepa_pez,large,11,42,ood,74,68,0.9395830699060902
vjepa_pez,large,11,42,ood,75,68,0.9333797269902461
vjepa_pez,large,11,42,ood,84,68,0.8202057658338733
vjepa_pez,large,11,42,ood,85,68,0.9038015677192092
vjepa_pez,large,11,42,ood,87,68,0.8867505681913131
vjepa_pez,large,11,42,ood,88,68,0.9328515348867565
vjepa_pez,large,11,42,ood,95,68,0.9224423372877936
vjepa_pez,large,11,42,ood,97,68,0.6060202416047926
vjepa_pez,large,11,42,ood,99,68,0.9175949478144064
vjepa_pez,large,11,42,ood,102,68,0.7545334123079606
vjepa_pez,large,11,42,ood,107,68,0.9617936909434158
vjepa_pez,large,11,42,ood,108,68,0.9483954557850592
vjepa_pez,large,11,42,ood,116,68,0.9018683880399769
vjepa_pez,large,11,42,ood,117,68,0.8896377501537968
vjepa_pez,large,11,42,ood,127,68,0.9017775846391898
vjepa_pez,large,11,42,ood,135,68,0.9206213943980947
vjepa_pez,large,11,42,ood,141,68,0.8816892538092513
vjepa_pez,large,11,42,ood,142,68,0.8099484291829018
vjepa_pez,large,11,42,ood,145,68,0.9352955116082882
vjepa_pez,large,11,42,ood,146,68,0.926388604191775
vjepa_pez,large,11,42,ood,149,68,0.9452235418761283
vjepa_pez,large,11,42,ood,152,68,0.9357417596675103
vjepa_pez,large,11,42,ood,157,68,0.9039622931668767
vjepa_pez,large,11,42,ood,158,68,0.8972443162133595
vjepa_pez,large,11,42,ood,161,68,0.8657888740993573
vjepa_pez,large,11,42,ood,164,68,0.8613474004146198
vjepa_pez,large,11,42,ood,167,68,0.8236727884600212
vjepa_pez,large,11,42,ood,168,68,0.9086276423656671
vjepa_pez,large,11,42,ood,171,68,0.9453422267915053
vjepa_pez,large,11,42,ood,180,68,0.9203732104241295
vjepa_pez,large,11,42,ood,181,68,0.7694835141256727
vjepa_pez,large,11,42,ood,185,68,0.9038739247257321
vjepa_pez,large,11,42,ood,188,68,0.7519896664404435
vjepa_pez,large,11,42,ood,189,68,0.8865341354344198
vjepa_pez,large,11,42,ood,190,68,0.8867812809317561
vjepa_pez,large,11,42,ood,192,68,0.9193053008613703
vjepa_pez,large,11,42,ood,195,68,0.8794997303688302
vjepa_pez,large,11,42,ood,201,68,0.914437191556156
vjepa_pez,large,11,42,ood,207,68,0.9530749732052072
vjepa_pez,large,11,42,ood,215,68,0.9297858661720422
vjepa_pez,large,11,42,ood,230,68,0.678815429187209
vjepa_pez,large,11,42,ood,241,68,0.9098759134117193
vjepa_pez,large,11,42,ood,246,68,0.9073630063825627
vjepa_pez,large,11,42,ood,249,68,0.8405088541177451
vjepa_pez,large,11,42,ood,252,68,0.9512437917273178
vjepa_pez,large,11,42,ood,253,68,0.9272403538312672
vjepa_pez,large,11,42,ood,265,68,0.7671178085957049
vjepa_pez,large,11,42,ood,267,68,0.924683872932112
vjepa_pez,large,11,42,ood,268,68,0.8709256519650158
vjepa_pez,large,11,42,ood,270,68,0.8553931274820317
vjepa_pez,large,11,42,ood,276,68,0.945789041769101
vjepa_pez,large,11,42,ood,277,68,0.7630210405967781
vjepa_pez,large,11,42,ood,280,68,0.9299431267376183
vjepa_pez,large,11,42,ood,282,68,0.9378676048565989
vjepa_pez,large,11,42,ood,285,68,0.8632154134885958
vjepa_pez,large,11,42,ood,288,68,0.9474259102099575
vjepa_pez,large,11,42,ood,293,68,0.9072385689440743
vjepa_pez,large,11,42,ood,294,68,0.9402202139581582
vjepa_pez,large,11,42,ood,295,68,0.9584091362608482
vjepa_pez,large,11,42,ood,297,68,0.9468843097076977
vjepa_pez,large,11,42,ood,302,68,0.8444370919326463
vjepa_pez,large,11,42,ood,308,68,0.9302358114050107
vjepa_pez,large,11,42,ood,310,68,0.7545819085526294
vjepa_pez,large,11,42,ood,312,68,0.9132030710621061
vjepa_pez,large,11,42,ood,313,68,0.9512350478492377
vjepa_pez,large,11,42,ood,314,68,0.9518398875070867
vjepa_pez,large,11,42,ood,318,68,0.9045768899179478
vjepa_pez,large,11,42,ood,321,68,0.8855671274087383
vjepa_pez,large,11,42,ood,326,68,0.9378017125619503
vjepa_pez,large,11,42,ood,328,68,0.9000460281841931
vjepa_pez,large,11,42,ood,332,68,0.9085235046031408
vjepa_pez,large,11,42,ood,333,68,0.8840370167622468
vjepa_pez,large,11,42,ood,341,68,0.8269809800351298
vjepa_pez,large,11,42,ood,342,68,0.8843219932106466
vjepa_pez,large,11,42,ood,347,68,0.9267802318598812
vjepa_pez,large,11,42,ood,358,68,0.9340143472284258
vjepa_pez,large,11,42,ood,365,68,0.9216381078290314
vjepa_pez,large,11,42,ood,370,68,0.9552021874233035
vjepa_pez,large,11,42,ood,371,68,0.9263653730979112
vjepa_pez,large,11,42,ood,376,68,0.9395785192968922
vjepa_pez,large,11,42,ood,377,68,0.9382744050901561
vjepa_pez,large,11,42,ood,382,68,0.8018407496361599
vjepa_pez,large,11,42,ood,388,68,0.9387275144151791
vjepa_pez,large,11,42,ood,390,68,0.9356307204836086
vjepa_pez,large,11,42,ood,392,68,0.9096247132405767
vjepa_pez,large,11,42,ood,393,68,0.9139749035998347
vjepa_pez,large,11,42,ood,395,68,0.8127930212228724
vjepa_pez,large,11,42,ood,396,68,0.9349082428469675
vjepa_pez,large,11,42,ood,397,68,0.8816616370012469
vjepa_pez,large,11,42,ood,401,68,0.9135716789675271
vjepa_pez,large,11,42,ood,403,68,0.8782246076621559
vjepa_pez,large,11,42,ood,408,68,0.9405832873303557
vjepa_pez,large,11,42,ood,412,68,0.9313633243413009
vjepa_pez,large,11,42,ood,416,68,0.897921039255288
vjepa_pez,large,11,42,ood,418,68,0.924465183583126
vjepa_pez,large,11,42,ood,421,68,0.9177958537241124
vjepa_pez,large,11,42,ood,422,68,0.9495617233143803
vjepa_pez,large,11,42,ood,424,68,0.8644642528272852
vjepa_pez,large,11,42,ood,426,68,0.9065435847793194
vjepa_pez,large,11,42,ood,429,68,0.9129720139487616
vjepa_pez,large,11,42,ood,438,68,0.9175081980124621
vjepa_pez,large,11,42,ood,440,68,0.896622008017003
vjepa_pez,large,11,42,ood,441,68,0.9338827172893899
vjepa_pez,large,11,42,ood,448,68,0.9567071766214797
vjepa_pez,large,11,42,ood,450,68,0.8724375139446954
vjepa_pez,large,11,42,ood,451,68,0.8448159384477666
vjepa_pez,large,11,42,ood,452,68,0.9396027423361136
vjepa_pez,large,11,42,ood,454,68,0.8690162907181336
vjepa_pez,large,11,42,ood,455,68,0.9542715109016344
vjepa_pez,large,11,42,ood,456,68,0.9035855579269162
vjepa_pez,large,11,42,ood,459,68,0.7579462606674781
vjepa_pez,large,11,42,ood,463,68,0.8716698124767003
vjepa_pez,large,11,42,ood,464,68,0.9407362813472127
vjepa_pez,large,11,42,ood,466,68,0.9508124393889472
vjepa_pez,large,11,42,ood,467,68,0.9358078569012721
vjepa_pez,large,11,42,ood,472,68,0.9377903653548988
vjepa_pez,large,11,42,ood,475,68,0.682347111042825
vjepa_pez,large,11,42,ood,479,68,0.9497004314323044
vjepa_pez,large,11,42,ood,481,68,0.9315497675472721
vjepa_pez,large,11,42,ood,485,68,0.8840609235753285
vjepa_pez,large,11,42,ood,489,68,0.9144590390242159
vjepa_pez,large,11,42,ood,490,68,0.8580372714348239
vjepa_pez,large,11,42,ood,493,68,0.9056027616186613
vjepa_pez,large,11,42,ood,495,68,0.8946938913166078
vjepa_pez,large,11,42,ood,497,68,0.9231217757981475
vjepa_pez,large,11,42,ood,498,68,0.8981673279734909
vjepa_pez,large,11,42,ood,501,68,0.9406646511049258
vjepa_pez,large,11,42,ood,504,68,0.6453225494069131
vjepa_pez,large,11,42,ood,505,68,0.6562925579888534
vjepa_pez,large,11,42,ood,508,68,0.6800414058683915
vjepa_pez,large,11,42,ood,532,68,0.939910931166953
vjepa_pez,large,11,42,ood,536,68,0.9470314874305291
vjepa_pez,large,11,42,ood,540,68,0.9258322446209583
vjepa_pez,large,11,42,ood,541,68,0.927021101834773
vjepa_pez,large,11,42,ood,543,68,0.9450469733731742
vjepa_pez,large,11,42,ood,546,68,0.8393982653591141
vjepa_pez,large,11,42,ood,552,68,0.7365109231711835
vjepa_pez,large,11,42,ood,561,68,0.9166500221479096
vjepa_pez,large,11,42,ood,563,68,0.9082690378585309
vjepa_pez,large,11,42,ood,564,68,0.8669087566985105
vjepa_pez,large,11,42,ood,566,68,0.8127101677606778
vjepa_pez,large,11,42,ood,567,68,0.8971961529992727
vjepa_pez,large,11,42,ood,571,68,0.910410964983229
vjepa_pez,large,11,42,ood,572,68,0.9012532710441926
vjepa_pez,large,11,42,ood,574,68,0.899488256226338
vjepa_pez,large,11,42,ood,577,68,0.9261233003822855
vjepa_pez,large,11,42,ood,578,68,0.8298974649524978
vjepa_pez,large,11,42,ood,580,68,0.9001958625071219
vjepa_pez,large,11,42,ood,581,68,0.9568386754704695
vjepa_pez,large,11,42,ood,584,68,0.8146422625681402
vjepa_pez,large,11,42,ood,589,68,0.8320332336223961
vjepa_pez,large,11,42,ood,592,68,0.9336278776461854
vjepa_pez,large,11,42,ood,594,68,0.947428152125808
vjepa_pez,large,11,42,ood,595,68,0.9151630739459989
vjepa_pez,large,11,42,ood,597,68,0.8856777518096384
vjepa_pez,large,11,42,ood,599,68,0.8578468193064653
vjepa_pez,large,11,42,ood,601,68,0.8930542917629853
vjepa_pez,large,11,42,ood,603,68,0.8934549032705177
vjepa_pez,large,11,42,ood,608,68,0.9060642627603643
vjepa_pez,large,11,42,ood,613,68,0.9513984516823992
vjepa_pez,large,11,42,ood,615,68,0.8455959259536183
vjepa_pez,large,11,42,ood,616,68,0.7305155513907426
vjepa_pez,large,11,42,ood,617,68,0.909183218894418
vjepa_pez,large,11,42,ood,618,68,0.9455851383700554
vjepa_pez,large,11,42,ood,619,68,0.9196321356531
vjepa_pez,large,11,42,ood,620,68,0.9126627227595009
vjepa_pez,large,11,42,ood,621,68,0.9358484976536011
vjepa_pez,large,11,42,ood,626,68,0.8879551901972265
vjepa_pez,large,11,42,ood,627,68,0.9286568466718378
vjepa_pez,large,11,42,ood,628,68,0.7479175760851391
vjepa_pez,large,11,42,ood,631,68,0.7964265756998065
vjepa_pez,large,11,42,ood,634,68,0.8598541279742858
vjepa_pez,large,11,42,ood,637,68,0.8946218417894499
vjepa_pez,large,11,42,ood,639,68,0.9184069386488918
vjepa_pez,large,11,42,ood,641,68,0.8726631312739394
vjepa_pez,large,11,42,ood,642,68,0.878041879369394
vjepa_pez,large,11,42,ood,644,68,0.9231400757366452
vjepa_pez,large,11,42,ood,653,68,0.5873829529057166
vjepa_pez,large,11,42,ood,658,68,0.827093501811428
vjepa_pez,large,11,42,ood,659,68,0.8955845510983925
vjepa_pez,large,11,42,ood,660,68,0.9119042752119892
vjepa_pez,large,11,42,ood,661,68,0.8957452502723844
vjepa_pez,large,11,42,ood,666,68,0.9286897191526301
vjepa_pez,large,11,42,ood,668,68,0.9451554916458699
vjepa_pez,large,11,42,ood,670,68,0.9010550746396895
vjepa_pez,large,11,42,ood,677,68,0.9254902089249851
vjepa_pez,large,11,42,ood,680,68,0.9449326386140582
vjepa_pez,large,11,42,ood,683,68,0.6822105144931776
vjepa_pez,large,11,42,ood,691,68,0.8976595866415313
vjepa_pez,large,11,42,ood,692,68,0.9349408446201724
vjepa_pez,large,11,42,ood,694,68,0.8858679700121296
vjepa_pez,large,11,42,ood,695,68,0.9494533900607243
vjepa_pez,large,11,42,ood,701,68,0.7884576739041512
vjepa_pez,large,11,42,ood,705,68,0.9322143220599349
vjepa_pez,large,11,42,ood,713,68,0.9182998787622818
vjepa_pez,large,11,42,ood,716,68,0.9106867056653587
vjepa_pez,large,11,42,ood,717,68,0.9354673279381069
vjepa_pez,large,11,42,ood,718,68,0.960338142319236
vjepa_pez,large,11,42,ood,721,68,0.9304366860710936
vjepa_pez,large,11,42,ood,727,68,0.9390232423394429
vjepa_pez,large,11,42,ood,728,68,0.9491794012311919
vjepa_pez,large,11,42,ood,729,68,0.7944418013804375
vjepa_pez,large,11,42,ood,737,68,0.8914000919560553
vjepa_pez,large,11,42,ood,741,68,0.8403617064121454
vjepa_pez,large,11,42,ood,749,68,0.8650945230106185
vjepa_pez,large,11,42,ood,751,68,0.9218919550376604
vjepa_pez,large,11,42,ood,753,68,0.8468703320355172
vjepa_pez,large,11,42,ood,755,68,0.8622392760497454
vjepa_pez,large,11,42,ood,756,68,0.8441408027562185
vjepa_pez,large,11,42,ood,757,68,0.8939623692369554
vjepa_pez,large,11,42,ood,761,68,0.8503708187852272
vjepa_pez,large,11,42,ood,762,68,0.8226246246886002
vjepa_pez,large,11,42,ood,763,68,0.936151861480546
vjepa_pez,large,11,42,ood,771,68,0.8860216309099126
vjepa_pez,large,11,42,ood,774,68,0.952492766917504
vjepa_pez,large,11,42,ood,778,68,0.923798370825813
vjepa_pez,large,11,42,ood,781,68,0.927817074110144
vjepa_pez,large,11,42,ood,788,68,0.7821933366700271
vjepa_pez,large,11,42,ood,790,68,0.8594485590977998
vjepa_pez,large,11,42,ood,794,68,0.9055852902597155
vjepa_pez,large,11,42,ood,795,68,0.7772203529417717
vjepa_pez,large,11,42,ood,796,68,0.919070818021053
vjepa_pez,large,11,42,ood,805,68,0.7389697528785992
vjepa_pez,large,11,42,ood,808,68,0.9212532815215425
vjepa_pez,large,11,42,ood,809,68,0.8900861935198074
vjepa_pez,large,11,42,ood,817,68,0.9323585150858887
vjepa_pez,large,11,42,ood,818,68,0.6921922921741707
vjepa_pez,large,11,42,ood,819,68,0.9348127318372572
vjepa_pez,large,11,42,ood,823,68,0.7974391328260895
vjepa_pez,large,11,42,ood,825,68,0.9441838114277079
vjepa_pez,large,11,42,ood,826,68,0.8477246449035915
vjepa_pez,large,11,42,ood,828,68,0.6205053334647069
vjepa_pez,large,11,42,ood,833,68,0.8313670129193391
vjepa_pez,large,11,42,ood,838,68,0.9583610934958723
vjepa_pez,large,11,42,ood,839,68,0.9394223323288848
vjepa_pez,large,11,42,ood,842,68,0.9408740724457415
vjepa_pez,large,11,42,ood,843,68,0.9201505674119158
vjepa_pez,large,11,42,ood,844,68,0.9055595854974172
vjepa_pez,large,11,42,ood,849,68,0.9250931500904328
vjepa_pez,large,11,42,ood,852,68,0.4451724594774783
vjepa_pez,large,11,42,ood,853,68,0.9108173488702471
vjepa_pez,large,11,42,ood,854,68,0.926209120187042
vjepa_pez,large,11,42,ood,855,68,0.8514272055789499
vjepa_pez,large,11,42,ood,858,68,0.9010863645222673
vjepa_pez,large,11,42,ood,859,68,0.9493465254193582
vjepa_pez,large,11,42,ood,860,68,0.9334034734271588
vjepa_pez,large,11,42,ood,866,68,0.9114195443153361
vjepa_pez,large,11,42,ood,870,68,0.843690229184205
vjepa_pez,large,11,42,ood,880,68,0.9148920744009437
vjepa_pez,large,11,42,ood,885,68,0.9498949287432058
vjepa_pez,large,11,42,ood,886,68,0.8912673938538401
vjepa_pez,large,11,42,ood,890,68,0.834388441891637
vjepa_pez,large,11,42,ood,892,68,0.8178923076020921
vjepa_pez,large,11,42,ood,899,68,0.9292679294754426
vjepa_pez,large,11,42,ood,901,68,0.9488458127953087
vjepa_pez,large,11,42,ood,906,68,0.8673717408546325
vjepa_pez,large,11,42,ood,912,68,0.7455012187497398
vjepa_pez,large,11,42,ood,913,68,0.9193673001921089
vjepa_pez,large,11,42,ood,915,68,0.7785140672270892
vjepa_pez,large,11,42,ood,916,68,0.919507380813066
vjepa_pez,large,11,42,ood,918,68,0.914969984770879
vjepa_pez,large,11,42,ood,923,68,0.9172147029212981
vjepa_pez,large,11,42,ood,930,68,0.8941503624221563
vjepa_pez,large,11,42,ood,931,68,0.6154804013708322
vjepa_pez,large,11,42,ood,942,68,0.9006966021733994
vjepa_pez,large,11,42,ood,943,68,0.9405195139789406
vjepa_pez,large,11,42,ood,948,68,0.9027791666674789
vjepa_pez,large,11,42,ood,951,68,0.91935046044003
vjepa_pez,large,11,42,ood,952,68,0.9155442363466787
vjepa_pez,large,11,42,ood,954,68,0.8709049709210175
vjepa_pez,large,11,42,ood,961,68,0.9497939250313208
vjepa_pez,large,11,42,ood,968,68,0.943644713526063
vjepa_pez,large,11,42,ood,973,68,0.8458388675697894
vjepa_pez,large,11,42,ood,974,68,0.8925036254088516
vjepa_pez,large,11,42,ood,975,68,0.9494207016425679
vjepa_pez,large,11,42,ood,979,68,0.9495072093386908
vjepa_pez,large,11,42,ood,980,68,0.9545332498692805
vjepa_pez,large,11,42,ood,982,68,0.92596716444631
vjepa_pez,large,11,42,ood,990,68,0.8746282743560113
vjepa_pez,large,11,42,ood,991,68,0.9352612485093462
vjepa_pez,large,11,42,ood,992,68,0.8996355903208865
vjepa_pez,large,11,42,ood,995,68,0.9360253855873202
vjepa_pez,large,11,123,iid,11,68,0.9394862328287341
vjepa_pez,large,11,123,iid,35,68,0.8815336137270418
vjepa_pez,large,11,123,iid,40,68,0.6822405500741694
vjepa_pez,large,11,123,iid,44,68,0.9143844769880521
vjepa_pez,large,11,123,iid,48,68,0.8101914166815755
vjepa_pez,large,11,123,iid,62,68,0.9066227123590269
vjepa_pez,large,11,123,iid,64,68,0.7412870187402554
vjepa_pez,large,11,123,iid,77,68,0.7431903903193902
vjepa_pez,large,11,123,iid,91,68,0.876686780563341
vjepa_pez,large,11,123,iid,96,68,0.9073533883382616
vjepa_pez,large,11,123,iid,100,68,0.9265063752865867
vjepa_pez,large,11,123,iid,110,68,0.9396601146834055
vjepa_pez,large,11,123,iid,111,68,0.7186711967962633
vjepa_pez,large,11,123,iid,121,68,0.8358286662908496
vjepa_pez,large,11,123,iid,126,68,0.9103727457641487
vjepa_pez,large,11,123,iid,128,68,0.8140585276809631
vjepa_pez,large,11,123,iid,132,68,0.9231992233291302
vjepa_pez,large,11,123,iid,137,68,0.9268018509163249
vjepa_pez,large,11,123,iid,138,68,0.9115637843297841
vjepa_pez,large,11,123,iid,154,68,0.9142217875471474
vjepa_pez,large,11,123,iid,174,68,0.8810576300899912
vjepa_pez,large,11,123,iid,197,68,0.7364913390772962
vjepa_pez,large,11,123,iid,202,68,0.7962073227492605
vjepa_pez,large,11,123,iid,217,68,0.7501598335296997
vjepa_pez,large,11,123,iid,221,68,0.8649209511414555
vjepa_pez,large,11,123,iid,224,68,0.8927722489060578
vjepa_pez,large,11,123,iid,225,68,0.8917875446276151
vjepa_pez,large,11,123,iid,234,68,0.8760466113656122
vjepa_pez,large,11,123,iid,260,68,0.8956326281376199
vjepa_pez,large,11,123,iid,271,68,0.6023568350492119
vjepa_pez,large,11,123,iid,287,68,0.9189890519100955
vjepa_pez,large,11,123,iid,290,68,0.809292641597898
vjepa_pez,large,11,123,iid,291,68,0.9099631177133987
vjepa_pez,large,11,123,iid,298,68,0.9503838174157037
vjepa_pez,large,11,123,iid,301,68,0.9054912083983088
vjepa_pez,large,11,123,iid,303,68,0.8215530386246632
vjepa_pez,large,11,123,iid,304,68,0.9352185390640994
vjepa_pez,large,11,123,iid,307,68,0.875674872770998
vjepa_pez,large,11,123,iid,317,68,0.787479150666262
vjepa_pez,large,11,123,iid,319,68,0.8690823041292067
vjepa_pez,large,11,123,iid,324,68,0.8896096908276122
vjepa_pez,large,11,123,iid,340,68,0.9401344226671859
vjepa_pez,large,11,123,iid,344,68,0.9055412983758562
vjepa_pez,large,11,123,iid,363,68,0.8121620874786128
vjepa_pez,large,11,123,iid,364,68,0.8864134019980887
vjepa_pez,large,11,123,iid,366,68,0.9351796137038945
vjepa_pez,large,11,123,iid,368,68,0.9386465714024115
vjepa_pez,large,11,123,iid,369,68,0.9369002494747193
vjepa_pez,large,11,123,iid,373,68,0.8943978386322251
vjepa_pez,large,11,123,iid,380,68,0.8966765664501342
vjepa_pez,large,11,123,iid,384,68,0.9359226728837181
vjepa_pez,large,11,123,iid,405,68,0.9308692712064208
vjepa_pez,large,11,123,iid,410,68,0.9165365217100635
vjepa_pez,large,11,123,iid,444,68,0.9246715808191491
vjepa_pez,large,11,123,iid,445,68,0.9426186799132678
vjepa_pez,large,11,123,iid,462,68,0.9284148950497304
vjepa_pez,large,11,123,iid,482,68,0.9293789672226418
vjepa_pez,large,11,123,iid,487,68,0.9520536181386172
vjepa_pez,large,11,123,iid,494,68,0.9113010407658454
vjepa_pez,large,11,123,iid,512,68,0.9299386115364355
vjepa_pez,large,11,123,iid,516,68,0.8933453190434237
vjepa_pez,large,11,123,iid,519,68,0.9295366314719634
vjepa_pez,large,11,123,iid,522,68,0.953180761828415
vjepa_pez,large,11,123,iid,528,68,0.9594628361271391
vjepa_pez,large,11,123,iid,538,68,0.8611024105737071
vjepa_pez,large,11,123,iid,539,68,0.6822771412686675
vjepa_pez,large,11,123,iid,542,68,0.768915201400204
vjepa_pez,large,11,123,iid,562,68,0.8907343792058298
vjepa_pez,large,11,123,iid,573,68,0.9137461076471439
vjepa_pez,large,11,123,iid,606,68,0.9294481247306409
vjepa_pez,large,11,123,iid,610,68,0.9445121774413026
vjepa_pez,large,11,123,iid,657,68,0.6259122470126537
vjepa_pez,large,11,123,iid,667,68,0.8632346649608891
vjepa_pez,large,11,123,iid,674,68,0.7460440684763618
vjepa_pez,large,11,123,iid,675,68,0.950161132971178
vjepa_pez,large,11,123,iid,679,68,0.8193354740556891
vjepa_pez,large,11,123,iid,733,68,0.916015534252546
vjepa_pez,large,11,123,iid,740,68,0.9265492709952564
vjepa_pez,large,11,123,iid,783,68,0.9016772887540679
vjepa_pez,large,11,123,iid,786,68,0.910532485293184
vjepa_pez,large,11,123,iid,789,68,0.8956815284383183
vjepa_pez,large,11,123,iid,800,68,0.8965866538043875
vjepa_pez,large,11,123,iid,810,68,0.90357212181155
vjepa_pez,large,11,123,iid,815,68,0.7363985604191731
vjepa_pez,large,11,123,iid,822,68,0.9422218071441874
vjepa_pez,large,11,123,iid,832,68,0.9461197495783296
vjepa_pez,large,11,123,iid,850,68,0.9249492792761496
vjepa_pez,large,11,123,iid,871,68,0.7920322822885044
vjepa_pez,large,11,123,iid,872,68,0.7568333681925187
vjepa_pez,large,11,123,iid,887,68,0.7696252013428995
vjepa_pez,large,11,123,iid,889,68,0.9400199421634706
vjepa_pez,large,11,123,iid,910,68,0.8993293520086175
vjepa_pez,large,11,123,iid,939,68,0.9004272937741624
vjepa_pez,large,11,123,iid,941,68,0.7708972697531309
vjepa_pez,large,11,123,iid,950,68,0.9556762847826882
vjepa_pez,large,11,123,iid,956,68,0.9222672852494784
vjepa_pez,large,11,123,iid,958,68,0.9522522341002037
vjepa_pez,large,11,123,iid,967,68,0.9405948262139124
vjepa_pez,large,11,123,iid,972,68,0.8831030300363878
vjepa_pez,large,11,123,iid,983,68,0.7934138244390446
vjepa_pez,large,11,123,iid,984,68,0.5522778234375714
vjepa_pez,large,11,123,iid,987,68,0.8475307674484654
vjepa_pez,large,11,123,iid,988,68,0.6827561621323548
vjepa_pez,large,11,123,iid,989,68,0.8943367792412212
vjepa_pez,large,11,123,iid,994,68,0.9041072027373014
vjepa_pez,large,11,123,ood,1,68,0.8962637281764922
vjepa_pez,large,11,123,ood,3,68,0.9053379326652069
vjepa_pez,large,11,123,ood,4,68,0.9436349402716457
vjepa_pez,large,11,123,ood,5,68,0.9117979391704925
vjepa_pez,large,11,123,ood,6,68,0.9293726997045458
vjepa_pez,large,11,123,ood,16,68,0.9095732431265903
vjepa_pez,large,11,123,ood,23,68,0.859291299273959
vjepa_pez,large,11,123,ood,25,68,0.8843735766437854
vjepa_pez,large,11,123,ood,27,68,0.9311277135538575
vjepa_pez,large,11,123,ood,29,68,0.8685258942763624
vjepa_pez,large,11,123,ood,36,68,0.943700482175632
vjepa_pez,large,11,123,ood,37,68,0.7405951963233257
vjepa_pez,large,11,123,ood,39,68,0.8940737882391345
vjepa_pez,large,11,123,ood,43,68,0.9409957570184653
vjepa_pez,large,11,123,ood,45,68,0.9208219601957751
vjepa_pez,large,11,123,ood,46,68,0.8612409605632236
vjepa_pez,large,11,123,ood,50,68,0.9139998087920731
vjepa_pez,large,11,123,ood,58,68,0.9535342885374003
vjepa_pez,large,11,123,ood,74,68,0.9366896328185583
vjepa_pez,large,11,123,ood,75,68,0.9350305943247459
vjepa_pez,large,11,123,ood,84,68,0.8258712905562521
vjepa_pez,large,11,123,ood,85,68,0.9064442225784677
vjepa_pez,large,11,123,ood,87,68,0.8844688600852373
vjepa_pez,large,11,123,ood,88,68,0.9197384156842218
vjepa_pez,large,11,123,ood,95,68,0.928100982970643
vjepa_pez,large,11,123,ood,97,68,0.6128354301159087
vjepa_pez,large,11,123,ood,99,68,0.9209180796215092
vjepa_pez,large,11,123,ood,102,68,0.764716873531154
vjepa_pez,large,11,123,ood,107,68,0.9625307170507917
vjepa_pez,large,11,123,ood,108,68,0.9435993399080113
vjepa_pez,large,11,123,ood,116,68,0.9021376685662095
vjepa_pez,large,11,123,ood,117,68,0.8833929929739829
vjepa_pez,large,11,123,ood,127,68,0.9009132898208863
vjepa_pez,large,11,123,ood,135,68,0.9315176832114114
vjepa_pez,large,11,123,ood,141,68,0.8762041467126611
vjepa_pez,large,11,123,ood,142,68,0.8129778870206457
vjepa_pez,large,11,123,ood,145,68,0.9363442466624775
vjepa_pez,large,11,123,ood,146,68,0.931352660649795
vjepa_pez,large,11,123,ood,149,68,0.9414988218896199
vjepa_pez,large,11,123,ood,152,68,0.9416597678653544
vjepa_pez,large,11,123,ood,157,68,0.9079144322354518
vjepa_pez,large,11,123,ood,158,68,0.9081254849396223
vjepa_pez,large,11,123,ood,161,68,0.8758729970285907
vjepa_pez,large,11,123,ood,164,68,0.862028345481405
vjepa_pez,large,11,123,ood,167,68,0.8234072495995126
vjepa_pez,large,11,123,ood,168,68,0.8994843239345565
vjepa_pez,large,11,123,ood,171,68,0.9382202864978526
vjepa_pez,large,11,123,ood,180,68,0.9132015864724206
vjepa_pez,large,11,123,ood,181,68,0.7851355381654712
vjepa_pez,large,11,123,ood,185,68,0.8953441569250576
vjepa_pez,large,11,123,ood,188,68,0.7678719036031804
vjepa_pez,large,11,123,ood,189,68,0.8866629465642581
vjepa_pez,large,11,123,ood,190,68,0.8886915779735197
vjepa_pez,large,11,123,ood,192,68,0.9202575929267227
vjepa_pez,large,11,123,ood,195,68,0.8722820996304208
vjepa_pez,large,11,123,ood,201,68,0.9129983857232963
vjepa_pez,large,11,123,ood,207,68,0.9530623539427229
vjepa_pez,large,11,123,ood,215,68,0.927061507544672
vjepa_pez,large,11,123,ood,230,68,0.7034653736494074
vjepa_pez,large,11,123,ood,241,68,0.9082477556104994
vjepa_pez,large,11,123,ood,246,68,0.9015280860831069
vjepa_pez,large,11,123,ood,249,68,0.8455687993685519
vjepa_pez,large,11,123,ood,252,68,0.9548644042259248
vjepa_pez,large,11,123,ood,253,68,0.9218054118850838
vjepa_pez,large,11,123,ood,265,68,0.7572967073495236
vjepa_pez,large,11,123,ood,267,68,0.9272326546081096
vjepa_pez,large,11,123,ood,268,68,0.8764219184053074
vjepa_pez,large,11,123,ood,270,68,0.8596721917618642
vjepa_pez,large,11,123,ood,276,68,0.9427619178875755
vjepa_pez,large,11,123,ood,277,68,0.7474315238358198
vjepa_pez,large,11,123,ood,280,68,0.9291716010361892
vjepa_pez,large,11,123,ood,282,68,0.9385225911102254
vjepa_pez,large,11,123,ood,285,68,0.8750080720885872
vjepa_pez,large,11,123,ood,288,68,0.9457304927053384
vjepa_pez,large,11,123,ood,293,68,0.9066631349902579
vjepa_pez,large,11,123,ood,294,68,0.945879328980555
vjepa_pez,large,11,123,ood,295,68,0.9556103295467171
vjepa_pez,large,11,123,ood,297,68,0.9415394153307207
vjepa_pez,large,11,123,ood,302,68,0.84223179215471
vjepa_pez,large,11,123,ood,308,68,0.9329224201046404
vjepa_pez,large,11,123,ood,310,68,0.7705645595900342
vjepa_pez,large,11,123,ood,312,68,0.9063835519125718
vjepa_pez,large,11,123,ood,313,68,0.9464670545324855
vjepa_pez,large,11,123,ood,314,68,0.956106583669279
vjepa_pez,large,11,123,ood,318,68,0.913032814417007
vjepa_pez,large,11,123,ood,321,68,0.8864172702931441
vjepa_pez,large,11,123,ood,326,68,0.9332156193387032
vjepa_pez,large,11,123,ood,328,68,0.9049247854166411
vjepa_pez,large,11,123,ood,332,68,0.9133761396377308
vjepa_pez,large,11,123,ood,333,68,0.8804119723901661
vjepa_pez,large,11,123,ood,341,68,0.8368050434754694
vjepa_pez,large,11,123,ood,342,68,0.865918952357204
vjepa_pez,large,11,123,ood,347,68,0.9328910569255928
vjepa_pez,large,11,123,ood,358,68,0.9335091102228458
vjepa_pez,large,11,123,ood,365,68,0.9226884514458866
vjepa_pez,large,11,123,ood,370,68,0.9473215575972994
vjepa_pez,large,11,123,ood,371,68,0.9289540148154117
vjepa_pez,large,11,123,ood,376,68,0.9383128033539807
vjepa_pez,large,11,123,ood,377,68,0.9374365588039636
vjepa_pez,large,11,123,ood,382,68,0.804057996778923
vjepa_pez,large,11,123,ood,388,68,0.936764875757438
vjepa_pez,large,11,123,ood,390,68,0.9382652918463005
vjepa_pez,large,11,123,ood,392,68,0.9165532348820327
vjepa_pez,large,11,123,ood,393,68,0.9161945594934789
vjepa_pez,large,11,123,ood,395,68,0.8229300252902025
vjepa_pez,large,11,123,ood,396,68,0.9348814027331088
vjepa_pez,large,11,123,ood,397,68,0.8849293690909763
vjepa_pez,large,11,123,ood,401,68,0.9126594709789263
vjepa_pez,large,11,123,ood,403,68,0.8756749522020604
vjepa_pez,large,11,123,ood,408,68,0.9420559483038684
vjepa_pez,large,11,123,ood,412,68,0.9316605572288423
vjepa_pez,large,11,123,ood,416,68,0.8937350442107265
vjepa_pez,large,11,123,ood,418,68,0.9209522142327531
vjepa_pez,large,11,123,ood,421,68,0.9225744060971713
vjepa_pez,large,11,123,ood,422,68,0.9448352836895632
vjepa_pez,large,11,123,ood,424,68,0.8469227478469895
vjepa_pez,large,11,123,ood,426,68,0.905700484841073
vjepa_pez,large,11,123,ood,429,68,0.914608207927294
vjepa_pez,large,11,123,ood,438,68,0.9199951429825539
vjepa_pez,large,11,123,ood,440,68,0.8941942565879621
vjepa_pez,large,11,123,ood,441,68,0.9384646476898945
vjepa_pez,large,11,123,ood,448,68,0.9559258956467067
vjepa_pez,large,11,123,ood,450,68,0.8701540527606725
vjepa_pez,large,11,123,ood,451,68,0.8493026004354682
vjepa_pez,large,11,123,ood,452,68,0.9383170663392307
vjepa_pez,large,11,123,ood,454,68,0.8673310348683255
vjepa_pez,large,11,123,ood,455,68,0.9535829632682383
vjepa_pez,large,11,123,ood,456,68,0.9052739894873999
vjepa_pez,large,11,123,ood,459,68,0.7629949076791191
vjepa_pez,large,11,123,ood,463,68,0.8772905874922082
vjepa_pez,large,11,123,ood,464,68,0.9396132127293849
vjepa_pez,large,11,123,ood,466,68,0.9519404721422098
vjepa_pez,large,11,123,ood,467,68,0.9397549350074567
vjepa_pez,large,11,123,ood,472,68,0.9371678265045744
vjepa_pez,large,11,123,ood,475,68,0.6851044273597742
vjepa_pez,large,11,123,ood,479,68,0.9507297310088715
vjepa_pez,large,11,123,ood,481,68,0.9351930219380064
vjepa_pez,large,11,123,ood,485,68,0.8854934908207669
vjepa_pez,large,11,123,ood,489,68,0.9208629194243068
vjepa_pez,large,11,123,ood,490,68,0.8485600510178942
vjepa_pez,large,11,123,ood,493,68,0.9042591021767556
vjepa_pez,large,11,123,ood,495,68,0.9042551884159954
vjepa_pez,large,11,123,ood,497,68,0.925505883340232
vjepa_pez,large,11,123,ood,498,68,0.8925417040196795
vjepa_pez,large,11,123,ood,501,68,0.9416298097904537
vjepa_pez,large,11,123,ood,504,68,0.624802985962209
vjepa_pez,large,11,123,ood,505,68,0.6597174649717901
vjepa_pez,large,11,123,ood,508,68,0.6814592179264672
vjepa_pez,large,11,123,ood,532,68,0.9406147428774851
vjepa_pez,large,11,123,ood,536,68,0.9486152250644277
vjepa_pez,large,11,123,ood,540,68,0.9163419014967253
vjepa_pez,large,11,123,ood,541,68,0.9292027741670679
vjepa_pez,large,11,123,ood,543,68,0.9411184254521661
vjepa_pez,large,11,123,ood,546,68,0.8468925085386234
vjepa_pez,large,11,123,ood,552,68,0.7273680965919389
vjepa_pez,large,11,123,ood,561,68,0.9084472877776508
vjepa_pez,large,11,123,ood,563,68,0.9072974859873124
vjepa_pez,large,11,123,ood,564,68,0.8611219145046779
vjepa_pez,large,11,123,ood,566,68,0.8089832794534678
vjepa_pez,large,11,123,ood,567,68,0.9060138091546293
vjepa_pez,large,11,123,ood,571,68,0.9120413121406197
vjepa_pez,large,11,123,ood,572,68,0.8989146921120975
vjepa_pez,large,11,123,ood,574,68,0.8980015851878207
vjepa_pez,large,11,123,ood,577,68,0.9348450540514155
vjepa_pez,large,11,123,ood,578,68,0.8167788225640493
vjepa_pez,large,11,123,ood,580,68,0.8976558607554016
vjepa_pez,large,11,123,ood,581,68,0.9577165082266001
vjepa_pez,large,11,123,ood,584,68,0.8191336581164939
vjepa_pez,large,11,123,ood,589,68,0.8364314332109616
vjepa_pez,large,11,123,ood,592,68,0.9365230122462554
vjepa_pez,large,11,123,ood,594,68,0.9481850500778032
vjepa_pez,large,11,123,ood,595,68,0.9102897307305144
vjepa_pez,large,11,123,ood,597,68,0.8896232707088468
vjepa_pez,large,11,123,ood,599,68,0.8549896587435089
vjepa_pez,large,11,123,ood,601,68,0.8950302938871423
vjepa_pez,large,11,123,ood,603,68,0.8887155365693561
vjepa_pez,large,11,123,ood,608,68,0.9023183589516938
vjepa_pez,large,11,123,ood,613,68,0.9521841693394114
vjepa_pez,large,11,123,ood,615,68,0.843758334242688
vjepa_pez,large,11,123,ood,616,68,0.7338245264667493
vjepa_pez,large,11,123,ood,617,68,0.908425966323187
vjepa_pez,large,11,123,ood,618,68,0.948348718862116
vjepa_pez,large,11,123,ood,619,68,0.913016669260104
vjepa_pez,large,11,123,ood,620,68,0.915707918813295
vjepa_pez,large,11,123,ood,621,68,0.9368516864190658
vjepa_pez,large,11,123,ood,626,68,0.8881828312006024
vjepa_pez,large,11,123,ood,627,68,0.9322085516658937
vjepa_pez,large,11,123,ood,628,68,0.7474185731179404
vjepa_pez,large,11,123,ood,631,68,0.803733978010794
vjepa_pez,large,11,123,ood,634,68,0.8600506573996138
vjepa_pez,large,11,123,ood,637,68,0.9038615226372423
vjepa_pez,large,11,123,ood,639,68,0.9152486738728677
vjepa_pez,large,11,123,ood,641,68,0.8743989368688803
vjepa_pez,large,11,123,ood,642,68,0.8775391977473863
vjepa_pez,large,11,123,ood,644,68,0.9277348655223978
vjepa_pez,large,11,123,ood,653,68,0.5694650662183625
vjepa_pez,large,11,123,ood,658,68,0.826954167092723
vjepa_pez,large,11,123,ood,659,68,0.9014662408111552
vjepa_pez,large,11,123,ood,660,68,0.9093848295356166
vjepa_pez,large,11,123,ood,661,68,0.8941529265681888
vjepa_pez,large,11,123,ood,666,68,0.9289007321435315
vjepa_pez,large,11,123,ood,668,68,0.9471881679533032
vjepa_pez,large,11,123,ood,670,68,0.9037057839113779
vjepa_pez,large,11,123,ood,677,68,0.9235072614561977
vjepa_pez,large,11,123,ood,680,68,0.9402044908183989
vjepa_pez,large,11,123,ood,683,68,0.6921569827779253
vjepa_pez,large,11,123,ood,691,68,0.8917803709173167
vjepa_pez,large,11,123,ood,692,68,0.9391475735183046
vjepa_pez,large,11,123,ood,694,68,0.8936233738744657
vjepa_pez,large,11,123,ood,695,68,0.9496137248967335
vjepa_pez,large,11,123,ood,701,68,0.7831933155008725
vjepa_pez,large,11,123,ood,705,68,0.9310608719747216
vjepa_pez,large,11,123,ood,713,68,0.9172389606556648
vjepa_pez,large,11,123,ood,716,68,0.9172515318221294
vjepa_pez,large,11,123,ood,717,68,0.9345728213842429
vjepa_pez,large,11,123,ood,718,68,0.9563194435859861
vjepa_pez,large,11,123,ood,721,68,0.9304132083962187
vjepa_pez,large,11,123,ood,727,68,0.9383465662542221
vjepa_pez,large,11,123,ood,728,68,0.9478852509070417
vjepa_pez,large,11,123,ood,729,68,0.8003457515555719
vjepa_pez,large,11,123,ood,737,68,0.8849851638296088
vjepa_pez,large,11,123,ood,741,68,0.8512509055798606
vjepa_pez,large,11,123,ood,749,68,0.8688955782792974
vjepa_pez,large,11,123,ood,751,68,0.9225350782352504
vjepa_pez,large,11,123,ood,753,68,0.8628518174693018
vjepa_pez,large,11,123,ood,755,68,0.8670026198648453
vjepa_pez,large,11,123,ood,756,68,0.8580053952219417
vjepa_pez,large,11,123,ood,757,68,0.9037604849417674
vjepa_pez,large,11,123,ood,761,68,0.8489157018111322
vjepa_pez,large,11,123,ood,762,68,0.8228491625409398
vjepa_pez,large,11,123,ood,763,68,0.9339922479014912
vjepa_pez,large,11,123,ood,771,68,0.8861907102237355
vjepa_pez,large,11,123,ood,774,68,0.9484127474257283
vjepa_pez,large,11,123,ood,778,68,0.9160905928565702
vjepa_pez,large,11,123,ood,781,68,0.9242363688135289
vjepa_pez,large,11,123,ood,788,68,0.7867767512580729
vjepa_pez,large,11,123,ood,790,68,0.8673661078384168
vjepa_pez,large,11,123,ood,794,68,0.9122344113386734
vjepa_pez,large,11,123,ood,795,68,0.7912831227713248
vjepa_pez,large,11,123,ood,796,68,0.9261724010030851
vjepa_pez,large,11,123,ood,805,68,0.7501856016442698
vjepa_pez,large,11,123,ood,808,68,0.9140123808685824
vjepa_pez,large,11,123,ood,809,68,0.8889017161802579
vjepa_pez,large,11,123,ood,817,68,0.937414714181608
vjepa_pez,large,11,123,ood,818,68,0.6918820091194025
vjepa_pez,large,11,123,ood,819,68,0.9285150781374925
vjepa_pez,large,11,123,ood,823,68,0.7893060746477101
vjepa_pez,large,11,123,ood,825,68,0.9475748882546844
vjepa_pez,large,11,123,ood,826,68,0.8436956522361585
vjepa_pez,large,11,123,ood,828,68,0.6204488918533567
vjepa_pez,large,11,123,ood,833,68,0.8326860899722841
vjepa_pez,large,11,123,ood,838,68,0.9564844629678608
vjepa_pez,large,11,123,ood,839,68,0.9416763112228568
vjepa_pez,large,11,123,ood,842,68,0.9422197183166198
vjepa_pez,large,11,123,ood,843,68,0.9192995313912362
vjepa_pez,large,11,123,ood,844,68,0.9107807880801242
vjepa_pez,large,11,123,ood,849,68,0.9293670587857543
vjepa_pez,large,11,123,ood,852,68,0.45371679215432714
vjepa_pez,large,11,123,ood,853,68,0.9056413157501396
vjepa_pez,large,11,123,ood,854,68,0.923709545492778
vjepa_pez,large,11,123,ood,855,68,0.869907001819595
vjepa_pez,large,11,123,ood,858,68,0.9044036327095717
vjepa_pez,large,11,123,ood,859,68,0.9509184728520483
vjepa_pez,large,11,123,ood,860,68,0.9360801529097207
vjepa_pez,large,11,123,ood,866,68,0.931844632966242
vjepa_pez,large,11,123,ood,870,68,0.841895188894593
vjepa_pez,large,11,123,ood,880,68,0.9117031671853763
vjepa_pez,large,11,123,ood,885,68,0.9523845949294455
vjepa_pez,large,11,123,ood,886,68,0.9029628059631616
vjepa_pez,large,11,123,ood,890,68,0.8293604319418804
vjepa_pez,large,11,123,ood,892,68,0.8070643197094945
vjepa_pez,large,11,123,ood,899,68,0.9302281611138653
vjepa_pez,large,11,123,ood,901,68,0.947159068368874
vjepa_pez,large,11,123,ood,906,68,0.8700404275792225
vjepa_pez,large,11,123,ood,912,68,0.7483027528288526
vjepa_pez,large,11,123,ood,913,68,0.9218465609450263
vjepa_pez,large,11,123,ood,915,68,0.7891853410398061
vjepa_pez,large,11,123,ood,916,68,0.9173260218806977
vjepa_pez,large,11,123,ood,918,68,0.9035763513724737
vjepa_pez,large,11,123,ood,923,68,0.9209775789463212
vjepa_pez,large,11,123,ood,930,68,0.8890520014286861
vjepa_pez,large,11,123,ood,931,68,0.5894475621598907
vjepa_pez,large,11,123,ood,942,68,0.9003611759158754
vjepa_pez,large,11,123,ood,943,68,0.9431419347071576
vjepa_pez,large,11,123,ood,948,68,0.9045137250393036
vjepa_pez,large,11,123,ood,951,68,0.9170914019394675
vjepa_pez,large,11,123,ood,952,68,0.9212311340821584
vjepa_pez,large,11,123,ood,954,68,0.8720437160753625
vjepa_pez,large,11,123,ood,961,68,0.9442907001927033
vjepa_pez,large,11,123,ood,968,68,0.9431249246077326
vjepa_pez,large,11,123,ood,973,68,0.8426548425054092
vjepa_pez,large,11,123,ood,974,68,0.8874409217964833
vjepa_pez,large,11,123,ood,975,68,0.945682569315998
vjepa_pez,large,11,123,ood,979,68,0.9466560909878363
vjepa_pez,large,11,123,ood,980,68,0.9551744965571622
vjepa_pez,large,11,123,ood,982,68,0.934936269822339
vjepa_pez,large,11,123,ood,990,68,0.8752528267415419
vjepa_pez,large,11,123,ood,991,68,0.9364493944938765
vjepa_pez,large,11,123,ood,992,68,0.9021910939540623
vjepa_pez,large,11,123,ood,995,68,0.9406621140951391
vjepa_pez,large,11,2024,iid,11,68,0.9422719754669893
vjepa_pez,large,11,2024,iid,35,68,0.8902649943339463
vjepa_pez,large,11,2024,iid,40,68,0.699246275767951
vjepa_pez,large,11,2024,iid,44,68,0.9246922159078348
vjepa_pez,large,11,2024,iid,48,68,0.8192363940976874
vjepa_pez,large,11,2024,iid,62,68,0.9137756953093779
vjepa_pez,large,11,2024,iid,64,68,0.7393209853846625
vjepa_pez,large,11,2024,iid,77,68,0.7490084477459914
vjepa_pez,large,11,2024,iid,91,68,0.8827718170200971
vjepa_pez,large,11,2024,iid,96,68,0.9136643942058188
vjepa_pez,large,11,2024,iid,100,68,0.922952808631107
vjepa_pez,large,11,2024,iid,110,68,0.9441865635090442
vjepa_pez,large,11,2024,iid,111,68,0.7145164603511277
vjepa_pez,large,11,2024,iid,121,68,0.8326662026283134
vjepa_pez,large,11,2024,iid,126,68,0.9227868984457959
vjepa_pez,large,11,2024,iid,128,68,0.8317517157489505
vjepa_pez,large,11,2024,iid,132,68,0.9347031387657007
vjepa_pez,large,11,2024,iid,137,68,0.9266619255941918
vjepa_pez,large,11,2024,iid,138,68,0.9108122725537854
vjepa_pez,large,11,2024,iid,154,68,0.9121610331418946
vjepa_pez,large,11,2024,iid,174,68,0.8777702878380031
vjepa_pez,large,11,2024,iid,197,68,0.7421007276661974
vjepa_pez,large,11,2024,iid,202,68,0.7939175273435959
vjepa_pez,large,11,2024,iid,217,68,0.7620802852921033
vjepa_pez,large,11,2024,iid,221,68,0.860747114164383
vjepa_pez,large,11,2024,iid,224,68,0.8865798813774726
vjepa_pez,large,11,2024,iid,225,68,0.893232255343505
vjepa_pez,large,11,2024,iid,234,68,0.8875548077880743
vjepa_pez,large,11,2024,iid,260,68,0.9007914698650922
vjepa_pez,large,11,2024,iid,271,68,0.6150131600134845
vjepa_pez,large,11,2024,iid,287,68,0.9166036187499165
vjepa_pez,large,11,2024,iid,290,68,0.8317677729022597
vjepa_pez,large,11,2024,iid,291,68,0.9003724929663921
vjepa_pez,large,11,2024,iid,298,68,0.9512797678155729
vjepa_pez,large,11,2024,iid,301,68,0.9070566297178217
vjepa_pez,large,11,2024,iid,303,68,0.8250268482198764
vjepa_pez,large,11,2024,iid,304,68,0.9365805734885461
vjepa_pez,large,11,2024,iid,307,68,0.8726814009504571
vjepa_pez,large,11,2024,iid,317,68,0.7717039129646845
vjepa_pez,large,11,2024,iid,319,68,0.8779368905573011
vjepa_pez,large,11,2024,iid,324,68,0.8899549749967277
vjepa_pez,large,11,2024,iid,340,68,0.9372333875502875
vjepa_pez,large,11,2024,iid,344,68,0.8957637847551634
vjepa_pez,large,11,2024,iid,363,68,0.7966537489873043
vjepa_pez,large,11,2024,iid,364,68,0.8863786947386836
vjepa_pez,large,11,2024,iid,366,68,0.9374606938078917
vjepa_pez,large,11,2024,iid,368,68,0.9436560169763882
vjepa_pez,large,11,2024,iid,369,68,0.9390507346763199
vjepa_pez,large,11,2024,iid,373,68,0.8965576968883697
vjepa_pez,large,11,2024,iid,380,68,0.8878335988414159
vjepa_pez,large,11,2024,iid,384,68,0.9294848016076678
vjepa_pez,large,11,2024,iid,405,68,0.9325089819045667
vjepa_pez,large,11,2024,iid,410,68,0.9232606739202643
vjepa_pez,large,11,2024,iid,444,68,0.936142351272339
vjepa_pez,large,11,2024,iid,445,68,0.9471279220164951
vjepa_pez,large,11,2024,iid,462,68,0.9317265521835777
vjepa_pez,large,11,2024,iid,482,68,0.9286593253861569
vjepa_pez,large,11,2024,iid,487,68,0.9531914044351739
vjepa_pez,large,11,2024,iid,494,68,0.9076054219948456
vjepa_pez,large,11,2024,iid,512,68,0.9273220128092899
vjepa_pez,large,11,2024,iid,516,68,0.9010983598623062
vjepa_pez,large,11,2024,iid,519,68,0.9346275919655465
vjepa_pez,large,11,2024,iid,522,68,0.957226127627124
vjepa_pez,large,11,2024,iid,528,68,0.9584610170736663
vjepa_pez,large,11,2024,iid,538,68,0.8637901334352034
vjepa_pez,large,11,2024,iid,539,68,0.6736560695163369
vjepa_pez,large,11,2024,iid,542,68,0.7596302316174137
vjepa_pez,large,11,2024,iid,562,68,0.8860252641200032
vjepa_pez,large,11,2024,iid,573,68,0.9234755403565764
vjepa_pez,large,11,2024,iid,606,68,0.9359812371550245
vjepa_pez,large,11,2024,iid,610,68,0.947094759604686
vjepa_pez,large,11,2024,iid,657,68,0.6251160160752485
vjepa_pez,large,11,2024,iid,667,68,0.8670039242046331
vjepa_pez,large,11,2024,iid,674,68,0.7393345920985089
vjepa_pez,large,11,2024,iid,675,68,0.9540942706541863
vjepa_pez,large,11,2024,iid,679,68,0.8296891701574903
vjepa_pez,large,11,2024,iid,733,68,0.9186854461875101
vjepa_pez,large,11,2024,iid,740,68,0.9302169931334276
vjepa_pez,large,11,2024,iid,783,68,0.9006064538262604
vjepa_pez,large,11,2024,iid,786,68,0.9133283728968407
vjepa_pez,large,11,2024,iid,789,68,0.8972552099184841
vjepa_pez,large,11,2024,iid,800,68,0.9004790016838141
vjepa_pez,large,11,2024,iid,810,68,0.8976941906861681
vjepa_pez,large,11,2024,iid,815,68,0.7406277142045452
vjepa_pez,large,11,2024,iid,822,68,0.945871085360736
vjepa_pez,large,11,2024,iid,832,68,0.9513208199360111
vjepa_pez,large,11,2024,iid,850,68,0.9292760969014787
vjepa_pez,large,11,2024,iid,871,68,0.7810133263238545
vjepa_pez,large,11,2024,iid,872,68,0.7695909226335444
vjepa_pez,large,11,2024,iid,887,68,0.7806987470675504
vjepa_pez,large,11,2024,iid,889,68,0.9392909102726565
vjepa_pez,large,11,2024,iid,910,68,0.904140497098514
vjepa_pez,large,11,2024,iid,939,68,0.900597756759824
vjepa_pez,large,11,2024,iid,941,68,0.7598872187275807
vjepa_pez,large,11,2024,iid,950,68,0.9571133215520039
vjepa_pez,large,11,2024,iid,956,68,0.9251247230790542
vjepa_pez,large,11,2024,iid,958,68,0.954171361074822
vjepa_pez,large,11,2024,iid,967,68,0.9448210745549195
vjepa_pez,large,11,2024,iid,972,68,0.8778544126890392
vjepa_pez,large,11,2024,iid,983,68,0.8025986102437687
vjepa_pez,large,11,2024,iid,984,68,0.5570079944669817
vjepa_pez,large,11,2024,iid,987,68,0.8414200073739637
vjepa_pez,large,11,2024,iid,988,68,0.7192512116412761
vjepa_pez,large,11,2024,iid,989,68,0.8923137065252039
vjepa_pez,large,11,2024,iid,994,68,0.8965820521812695
vjepa_pez,large,11,2024,ood,1,68,0.8891730298378652
vjepa_pez,large,11,2024,ood,3,68,0.8997163475993022
vjepa_pez,large,11,2024,ood,4,68,0.9436718937763966
vjepa_pez,large,11,2024,ood,5,68,0.9162912380198615
vjepa_pez,large,11,2024,ood,6,68,0.9295342546385078
vjepa_pez,large,11,2024,ood,16,68,0.9051001014058871
vjepa_pez,large,11,2024,ood,23,68,0.8636395713868545
vjepa_pez,large,11,2024,ood,25,68,0.8899240480663844
vjepa_pez,large,11,2024,ood,27,68,0.9313374381121071
vjepa_pez,large,11,2024,ood,29,68,0.8710883015820531
vjepa_pez,large,11,2024,ood,36,68,0.9423847986917674
vjepa_pez,large,11,2024,ood,37,68,0.7313746156904559
vjepa_pez,large,11,2024,ood,39,68,0.8860325997300945
vjepa_pez,large,11,2024,ood,43,68,0.9426998576631175
vjepa_pez,large,11,2024,ood,45,68,0.928591534803606
vjepa_pez,large,11,2024,ood,46,68,0.8685301587211129
vjepa_pez,large,11,2024,ood,50,68,0.9223375073433073
vjepa_pez,large,11,2024,ood,58,68,0.9581267682974173
vjepa_pez,large,11,2024,ood,74,68,0.9356531361331957
vjepa_pez,large,11,2024,ood,75,68,0.9317994094384459
vjepa_pez,large,11,2024,ood,84,68,0.8326385027946845
vjepa_pez,large,11,2024,ood,85,68,0.9030379085082956
vjepa_pez,large,11,2024,ood,87,68,0.8832846120692227
vjepa_pez,large,11,2024,ood,88,68,0.928535213541107
vjepa_pez,large,11,2024,ood,95,68,0.9259748968962559
vjepa_pez,large,11,2024,ood,97,68,0.588773856755655
vjepa_pez,large,11,2024,ood,99,68,0.9273425831565495
vjepa_pez,large,11,2024,ood,102,68,0.7534636652763034
vjepa_pez,large,11,2024,ood,107,68,0.9620480514557883
vjepa_pez,large,11,2024,ood,108,68,0.9449518869586373
vjepa_pez,large,11,2024,ood,116,68,0.9022495780861106
vjepa_pez,large,11,2024,ood,117,68,0.8859103769802708
vjepa_pez,large,11,2024,ood,127,68,0.9032135780480409
vjepa_pez,large,11,2024,ood,135,68,0.92820241553023
vjepa_pez,large,11,2024,ood,141,68,0.8840002684524058
vjepa_pez,large,11,2024,ood,142,68,0.8154354023235495
vjepa_pez,large,11,2024,ood,145,68,0.9305621058846614
vjepa_pez,large,11,2024,ood,146,68,0.9332939362751071
vjepa_pez,large,11,2024,ood,149,68,0.9454225681907391
vjepa_pez,large,11,2024,ood,152,68,0.9409657189291916
vjepa_pez,large,11,2024,ood,157,68,0.9039555153419525
vjepa_pez,large,11,2024,ood,158,68,0.8936757317862684
vjepa_pez,large,11,2024,ood,161,68,0.8760833296632046
vjepa_pez,large,11,2024,ood,164,68,0.8582539941784713
vjepa_pez,large,11,2024,ood,167,68,0.8404735520419458
vjepa_pez,large,11,2024,ood,168,68,0.9004743910915596
vjepa_pez,large,11,2024,ood,171,68,0.9381652672109315
vjepa_pez,large,11,2024,ood,180,68,0.9141929935442785
vjepa_pez,large,11,2024,ood,181,68,0.7701875766365011
vjepa_pez,large,11,2024,ood,185,68,0.9048621909899737
vjepa_pez,large,11,2024,ood,188,68,0.744613004173887
vjepa_pez,large,11,2024,ood,189,68,0.8818881730691309
vjepa_pez,large,11,2024,ood,190,68,0.8844830945046531
vjepa_pez,large,11,2024,ood,192,68,0.9219411891459909
vjepa_pez,large,11,2024,ood,195,68,0.8910266775733163
vjepa_pez,large,11,2024,ood,201,68,0.9147587269150177
vjepa_pez,large,11,2024,ood,207,68,0.9539071134310763
vjepa_pez,large,11,2024,ood,215,68,0.9303314828876963
vjepa_pez,large,11,2024,ood,230,68,0.7139838701906247
vjepa_pez,large,11,2024,ood,241,68,0.9073343402203844
vjepa_pez,large,11,2024,ood,246,68,0.9000306974549506
vjepa_pez,large,11,2024,ood,249,68,0.8416365216960667
vjepa_pez,large,11,2024,ood,252,68,0.9557821361829113
vjepa_pez,large,11,2024,ood,253,68,0.9180379285032687
vjepa_pez,large,11,2024,ood,265,68,0.7709822471548755
vjepa_pez,large,11,2024,ood,267,68,0.9324902673854901
vjepa_pez,large,11,2024,ood,268,68,0.8769656897715554
vjepa_pez,large,11,2024,ood,270,68,0.8556708802640847
vjepa_pez,large,11,2024,ood,276,68,0.9426077350614926
vjepa_pez,large,11,2024,ood,277,68,0.7573278006023104
vjepa_pez,large,11,2024,ood,280,68,0.9267737285521709
vjepa_pez,large,11,2024,ood,282,68,0.941289343710994
vjepa_pez,large,11,2024,ood,285,68,0.8686440537909161
vjepa_pez,large,11,2024,ood,288,68,0.941099066051668
vjepa_pez,large,11,2024,ood,293,68,0.9077061991712156
vjepa_pez,large,11,2024,ood,294,68,0.9439637424793944
vjepa_pez,large,11,2024,ood,295,68,0.9533127854063668
vjepa_pez,large,11,2024,ood,297,68,0.9403648819097425
vjepa_pez,large,11,2024,ood,302,68,0.8461995813685739
vjepa_pez,large,11,2024,ood,308,68,0.9353790965415634
vjepa_pez,large,11,2024,ood,310,68,0.755010171866271
vjepa_pez,large,11,2024,ood,312,68,0.9082098333343629
vjepa_pez,large,11,2024,ood,313,68,0.9446256850221977
vjepa_pez,large,11,2024,ood,314,68,0.9515529093166069
vjepa_pez,large,11,2024,ood,318,68,0.9048484020528725
vjepa_pez,large,11,2024,ood,321,68,0.8927277417923845
vjepa_pez,large,11,2024,ood,326,68,0.939521539733346
vjepa_pez,large,11,2024,ood,328,68,0.8970472305241637
vjepa_pez,large,11,2024,ood,332,68,0.9097024023969886
vjepa_pez,large,11,2024,ood,333,68,0.8853328844854873
vjepa_pez,large,11,2024,ood,341,68,0.8276125364462799
vjepa_pez,large,11,2024,ood,342,68,0.8868832278289169
vjepa_pez,large,11,2024,ood,347,68,0.9334653882052694
vjepa_pez,large,11,2024,ood,358,68,0.9322582532450008
vjepa_pez,large,11,2024,ood,365,68,0.9219747504983504
vjepa_pez,large,11,2024,ood,370,68,0.9498076720899393
vjepa_pez,large,11,2024,ood,371,68,0.9314340094495708
vjepa_pez,large,11,2024,ood,376,68,0.9385256813155411
vjepa_pez,large,11,2024,ood,377,68,0.9348964274729932
vjepa_pez,large,11,2024,ood,382,68,0.8046083342567405
vjepa_pez,large,11,2024,ood,388,68,0.937216388470651
vjepa_pez,large,11,2024,ood,390,68,0.9382859926481556
vjepa_pez,large,11,2024,ood,392,68,0.9184581514987108
vjepa_pez,large,11,2024,ood,393,68,0.921744462606538
vjepa_pez,large,11,2024,ood,395,68,0.8156359675961066
vjepa_pez,large,11,2024,ood,396,68,0.9419732434568031
vjepa_pez,large,11,2024,ood,397,68,0.8790391377852553
vjepa_pez,large,11,2024,ood,401,68,0.9143393286782387
vjepa_pez,large,11,2024,ood,403,68,0.8768254349233396
vjepa_pez,large,11,2024,ood,408,68,0.9455524408966225
vjepa_pez,large,11,2024,ood,412,68,0.9299414341294495
vjepa_pez,large,11,2024,ood,416,68,0.9019815042979554
vjepa_pez,large,11,2024,ood,418,68,0.9178524646280972
vjepa_pez,large,11,2024,ood,421,68,0.9216380253481318
vjepa_pez,large,11,2024,ood,422,68,0.9435806234603539
vjepa_pez,large,11,2024,ood,424,68,0.8555742344741287
vjepa_pez,large,11,2024,ood,426,68,0.904627545489069
vjepa_pez,large,11,2024,ood,429,68,0.9220893257397917
vjepa_pez,large,11,2024,ood,438,68,0.9232904489983835
vjepa_pez,large,11,2024,ood,440,68,0.8936448305127519
vjepa_pez,large,11,2024,ood,441,68,0.9303972318478415
vjepa_pez,large,11,2024,ood,448,68,0.9561662503072392
vjepa_pez,large,11,2024,ood,450,68,0.8755181424673972
vjepa_pez,large,11,2024,ood,451,68,0.8427102790665177
vjepa_pez,large,11,2024,ood,452,68,0.9422491233889686
vjepa_pez,large,11,2024,ood,454,68,0.8630450999692576
vjepa_pez,large,11,2024,ood,455,68,0.951880753356696
vjepa_pez,large,11,2024,ood,456,68,0.902100083193312
vjepa_pez,large,11,2024,ood,459,68,0.7578423413697062
vjepa_pez,large,11,2024,ood,463,68,0.875938692749484
vjepa_pez,large,11,2024,ood,464,68,0.9422448045303092
vjepa_pez,large,11,2024,ood,466,68,0.951187764059744
vjepa_pez,large,11,2024,ood,467,68,0.9390680292872075
vjepa_pez,large,11,2024,ood,472,68,0.9443155326645929
vjepa_pez,large,11,2024,ood,475,68,0.6766733885537584
vjepa_pez,large,11,2024,ood,479,68,0.9474575737466838
vjepa_pez,large,11,2024,ood,481,68,0.9344843384253452
vjepa_pez,large,11,2024,ood,485,68,0.8828764650094981
vjepa_pez,large,11,2024,ood,489,68,0.9134114908619793
vjepa_pez,large,11,2024,ood,490,68,0.8426138952865913
vjepa_pez,large,11,2024,ood,493,68,0.9057586814497568
vjepa_pez,large,11,2024,ood,495,68,0.9035056453075697
vjepa_pez,large,11,2024,ood,497,68,0.9256536148057781
vjepa_pez,large,11,2024,ood,498,68,0.8891023142760358
vjepa_pez,large,11,2024,ood,501,68,0.9411357881113935
vjepa_pez,large,11,2024,ood,504,68,0.620864107291643
vjepa_pez,large,11,2024,ood,505,68,0.6519731772237893
vjepa_pez,large,11,2024,ood,508,68,0.6637906014280408
vjepa_pez,large,11,2024,ood,532,68,0.9384205097644741
vjepa_pez,large,11,2024,ood,536,68,0.9521505181979842
vjepa_pez,large,11,2024,ood,540,68,0.9285842963230592
vjepa_pez,large,11,2024,ood,541,68,0.9280982713787179
vjepa_pez,large,11,2024,ood,543,68,0.9473726540218199
vjepa_pez,large,11,2024,ood,546,68,0.8477644588601239
vjepa_pez,large,11,2024,ood,552,68,0.739619174224193
vjepa_pez,large,11,2024,ood,561,68,0.9110324888949287
vjepa_pez,large,11,2024,ood,563,68,0.9054305368229172
vjepa_pez,large,11,2024,ood,564,68,0.8717868559097803
vjepa_pez,large,11,2024,ood,566,68,0.8172943549942737
vjepa_pez,large,11,2024,ood,567,68,0.9061251221836784
vjepa_pez,large,11,2024,ood,571,68,0.9094348425730283
vjepa_pez,large,11,2024,ood,572,68,0.8965489389966211
vjepa_pez,large,11,2024,ood,574,68,0.8951733491504276
vjepa_pez,large,11,2024,ood,577,68,0.9295816229131286
vjepa_pez,large,11,2024,ood,578,68,0.8174008329999682
vjepa_pez,large,11,2024,ood,580,68,0.8961301277915025
vjepa_pez,large,11,2024,ood,581,68,0.9599584841246256
vjepa_pez,large,11,2024,ood,584,68,0.8192865172724607
vjepa_pez,large,11,2024,ood,589,68,0.8266961646443127
vjepa_pez,large,11,2024,ood,592,68,0.9322248193679272
vjepa_pez,large,11,2024,ood,594,68,0.9492141594955708
vjepa_pez,large,11,2024,ood,595,68,0.9151950655436589
vjepa_pez,large,11,2024,ood,597,68,0.8894232924660456
vjepa_pez,large,11,2024,ood,599,68,0.8584365454092058
vjepa_pez,large,11,2024,ood,601,68,0.9017920700228118
vjepa_pez,large,11,2024,ood,603,68,0.8946877206164248
vjepa_pez,large,11,2024,ood,608,68,0.8999317891378148
vjepa_pez,large,11,2024,ood,613,68,0.9499210164870693
vjepa_pez,large,11,2024,ood,615,68,0.8462276123955997
vjepa_pez,large,11,2024,ood,616,68,0.7294671816616463
vjepa_pez,large,11,2024,ood,617,68,0.9148066178064538
vjepa_pez,large,11,2024,ood,618,68,0.9486882584809643
vjepa_pez,large,11,2024,ood,619,68,0.9182191260313926
vjepa_pez,large,11,2024,ood,620,68,0.9145777904147689
vjepa_pez,large,11,2024,ood,621,68,0.9339243310309161
vjepa_pez,large,11,2024,ood,626,68,0.8877564149141062
vjepa_pez,large,11,2024,ood,627,68,0.9360318405875433
vjepa_pez,large,11,2024,ood,628,68,0.7661675849182146
vjepa_pez,large,11,2024,ood,631,68,0.8020960780878157
vjepa_pez,large,11,2024,ood,634,68,0.8520119406404532
vjepa_pez,large,11,2024,ood,637,68,0.8962644901918294
vjepa_pez,large,11,2024,ood,639,68,0.9160207702452974
vjepa_pez,large,11,2024,ood,641,68,0.8804061424929224
vjepa_pez,large,11,2024,ood,642,68,0.8868736485380793
vjepa_pez,large,11,2024,ood,644,68,0.9233905928666031
vjepa_pez,large,11,2024,ood,653,68,0.5848878065518754
vjepa_pez,large,11,2024,ood,658,68,0.8259486530733263
vjepa_pez,large,11,2024,ood,659,68,0.9007210162510195
vjepa_pez,large,11,2024,ood,660,68,0.9105113740611811
vjepa_pez,large,11,2024,ood,661,68,0.8917579685755745
vjepa_pez,large,11,2024,ood,666,68,0.9290758993494557
vjepa_pez,large,11,2024,ood,668,68,0.9453208249887086
vjepa_pez,large,11,2024,ood,670,68,0.9094937494325342
vjepa_pez,large,11,2024,ood,677,68,0.9238547079905106
vjepa_pez,large,11,2024,ood,680,68,0.9388429546234554
vjepa_pez,large,11,2024,ood,683,68,0.6967000714213407
vjepa_pez,large,11,2024,ood,691,68,0.902673486038973
vjepa_pez,large,11,2024,ood,692,68,0.9361790932433949
vjepa_pez,large,11,2024,ood,694,68,0.8953056932631885
vjepa_pez,large,11,2024,ood,695,68,0.9517359595441631
vjepa_pez,large,11,2024,ood,701,68,0.7794305289899759
vjepa_pez,large,11,2024,ood,705,68,0.9361879717043045
vjepa_pez,large,11,2024,ood,713,68,0.9193693820064869
vjepa_pez,large,11,2024,ood,716,68,0.9118695110032503
vjepa_pez,large,11,2024,ood,717,68,0.9311771005333214
vjepa_pez,large,11,2024,ood,718,68,0.9550129739318511
vjepa_pez,large,11,2024,ood,721,68,0.9282868445178705
vjepa_pez,large,11,2024,ood,727,68,0.9381750496759175
vjepa_pez,large,11,2024,ood,728,68,0.9510813066181075
vjepa_pez,large,11,2024,ood,729,68,0.7939311327712663
vjepa_pez,large,11,2024,ood,737,68,0.8860092675980573
vjepa_pez,large,11,2024,ood,741,68,0.8424551674659359
vjepa_pez,large,11,2024,ood,749,68,0.8627968837634922
vjepa_pez,large,11,2024,ood,751,68,0.9289265471783387
vjepa_pez,large,11,2024,ood,753,68,0.8621535697893044
vjepa_pez,large,11,2024,ood,755,68,0.8615772549606352
vjepa_pez,large,11,2024,ood,756,68,0.8459463129368499
vjepa_pez,large,11,2024,ood,757,68,0.8973050070579801
vjepa_pez,large,11,2024,ood,761,68,0.8514559475057538
vjepa_pez,large,11,2024,ood,762,68,0.8252689201027982
vjepa_pez,large,11,2024,ood,763,68,0.9309968904842169
vjepa_pez,large,11,2024,ood,771,68,0.8856357013666617
vjepa_pez,large,11,2024,ood,774,68,0.9475055757750747
vjepa_pez,large,11,2024,ood,778,68,0.9151613682895295
vjepa_pez,large,11,2024,ood,781,68,0.932714875195507
vjepa_pez,large,11,2024,ood,788,68,0.7867940948103821
vjepa_pez,large,11,2024,ood,790,68,0.8708163739269765
vjepa_pez,large,11,2024,ood,794,68,0.9070596306225386
vjepa_pez,large,11,2024,ood,795,68,0.7848662955380945
vjepa_pez,large,11,2024,ood,796,68,0.9262109304419789
vjepa_pez,large,11,2024,ood,805,68,0.743181101120455
vjepa_pez,large,11,2024,ood,808,68,0.9175611897914138
vjepa_pez,large,11,2024,ood,809,68,0.892494351527473
vjepa_pez,large,11,2024,ood,817,68,0.9307533673256829
vjepa_pez,large,11,2024,ood,818,68,0.6880825629222821
vjepa_pez,large,11,2024,ood,819,68,0.9320877559910955
vjepa_pez,large,11,2024,ood,823,68,0.7885644129608244
vjepa_pez,large,11,2024,ood,825,68,0.9486730508612444
vjepa_pez,large,11,2024,ood,826,68,0.8458798803667746
vjepa_pez,large,11,2024,ood,828,68,0.6215429977507422
vjepa_pez,large,11,2024,ood,833,68,0.8218370691509147
vjepa_pez,large,11,2024,ood,838,68,0.9568112460600914
vjepa_pez,large,11,2024,ood,839,68,0.9466426369398547
vjepa_pez,large,11,2024,ood,842,68,0.9439415525145484
vjepa_pez,large,11,2024,ood,843,68,0.9228473578440072
vjepa_pez,large,11,2024,ood,844,68,0.9046888401773724
vjepa_pez,large,11,2024,ood,849,68,0.9287608383135914
vjepa_pez,large,11,2024,ood,852,68,0.4535258704975528
vjepa_pez,large,11,2024,ood,853,68,0.9033534740594931
vjepa_pez,large,11,2024,ood,854,68,0.9244737445713995
vjepa_pez,large,11,2024,ood,855,68,0.8565378802054052
vjepa_pez,large,11,2024,ood,858,68,0.8973236940898157
vjepa_pez,large,11,2024,ood,859,68,0.9506811568061351
vjepa_pez,large,11,2024,ood,860,68,0.9307621211609969
vjepa_pez,large,11,2024,ood,866,68,0.9281022288433589
vjepa_pez,large,11,2024,ood,870,68,0.8318900509974001
vjepa_pez,large,11,2024,ood,880,68,0.9211036254407081
vjepa_pez,large,11,2024,ood,885,68,0.9494619916887188
vjepa_pez,large,11,2024,ood,886,68,0.89883896826464
vjepa_pez,large,11,2024,ood,890,68,0.8319804493818432
vjepa_pez,large,11,2024,ood,892,68,0.8147811325575596
vjepa_pez,large,11,2024,ood,899,68,0.9290204446835497
vjepa_pez,large,11,2024,ood,901,68,0.9504811044577592
vjepa_pez,large,11,2024,ood,906,68,0.8690186149414996
vjepa_pez,large,11,2024,ood,912,68,0.754309479729042
vjepa_pez,large,11,2024,ood,913,68,0.9196451666304057
vjepa_pez,large,11,2024,ood,915,68,0.7877999738260966
vjepa_pez,large,11,2024,ood,916,68,0.9200781876157245
vjepa_pez,large,11,2024,ood,918,68,0.9011753134213819
vjepa_pez,large,11,2024,ood,923,68,0.9205309478061451
vjepa_pez,large,11,2024,ood,930,68,0.8978669420647525
vjepa_pez,large,11,2024,ood,931,68,0.6063454884943971
vjepa_pez,large,11,2024,ood,942,68,0.9014148093521422
vjepa_pez,large,11,2024,ood,943,68,0.9447817217922233
vjepa_pez,large,11,2024,ood,948,68,0.906702220820039
vjepa_pez,large,11,2024,ood,951,68,0.9202982334238188
vjepa_pez,large,11,2024,ood,952,68,0.9152542655223587
vjepa_pez,large,11,2024,ood,954,68,0.8725289781709733
vjepa_pez,large,11,2024,ood,961,68,0.9480058619244883
vjepa_pez,large,11,2024,ood,968,68,0.9439732980642379
vjepa_pez,large,11,2024,ood,973,68,0.8405366901365203
vjepa_pez,large,11,2024,ood,974,68,0.8848139681066038
vjepa_pez,large,11,2024,ood,975,68,0.9490905882424322
vjepa_pez,large,11,2024,ood,979,68,0.9506533141453718
vjepa_pez,large,11,2024,ood,980,68,0.9581996828140662
vjepa_pez,large,11,2024,ood,982,68,0.9332385385542407
vjepa_pez,large,11,2024,ood,990,68,0.8845294626147959
vjepa_pez,large,11,2024,ood,991,68,0.9362303126723386
vjepa_pez,large,11,2024,ood,992,68,0.9112280677885934
vjepa_pez,large,11,2024,ood,995,68,0.9426356723576599
