task,layer,slot,path_length_mean,mean_speed_mean,tortuosity_mean
push,0,0,158.74668680826824,0.7144053389628728,102.0783060773965
push,0,1,157.5078094482422,0.7092366387446721,97.57334056493704
push,0,2,156.32530568440754,0.7042895744244257,88.31425831682652
push,0,3,154.94699274698894,0.6983867754538854,78.04332819076093
push,0,4,153.51337738037108,0.6922371437152227,70.02313324729579
push,0,5,152.0790822347005,0.6861541251341502,65.22195249622365
push,0,6,150.65567525227866,0.6801291366418203,67.1240977546406
push,0,7,149.3043655395508,0.6744811137517294,70.9757291826773
push,1,0,292.19100189208984,1.3159846067428589,115.52689769622005
push,1,1,292.0465911865234,1.315609061717987,110.68128993619425
push,1,2,291.57275238037107,1.3137977798779805,106.7340407241925
push,1,3,291.01329142252604,1.3115580161412557,98.87332746603019
push,1,4,290.15868275960287,1.3080567081769308,92.23298216913322
push,1,5,289.26697794596356,1.3042677104473115,89.67222697168611
push,1,6,288.0993296305339,1.299320407708486,92.77358400304038
push,1,7,286.70328521728516,1.293239982922872,94.88244435140501
push,2,0,419.29923146565756,1.885124397277832,45.39071122270166
push,2,1,423.2502243041992,1.903378148873647,45.83826833272635
push,2,2,426.13359018961586,1.9166616916656494,45.72402256098287
push,2,3,421.9015380859375,1.897788151105245,45.67799300219865
push,2,4,417.8698008219401,1.8794973572095235,45.16408389569134
push,2,5,419.8534164428711,1.8885312000910441,45.32177301559004
push,2,6,417.04771779378257,1.875634753704071,45.3498893781646
push,2,7,411.75853627522787,1.8517529686292014,45.37232035828696
push,3,0,401.04991861979164,1.7996517499287923,37.2906816927997
push,3,1,405.31550750732424,1.8178207317988078,34.44664004630213
push,3,2,396.0342290242513,1.7770304361979166,34.693306717683114
push,3,3,389.97037200927736,1.7503632187843323,36.0182239301896
push,3,4,381.36885732014974,1.7120682795842488,40.14612297255624
push,3,5,372.8472147623698,1.674106482664744,42.103698820575794
push,3,6,379.6244669596354,1.7039912978808085,37.10949755230675
push,3,7,372.1639958699544,1.6710816383361817,40.05502739989108
push,4,0,445.65076243082683,1.990855618317922,29.969681090662878
push,4,1,465.9120091756185,2.079476086298625,30.29301562085976
push,4,2,473.42285817464193,2.11248410542806,30.16398209272619
push,4,3,458.19770965576174,2.045292592048645,31.28464239781492
push,4,4,451.38281504313153,2.0151588400204976,32.53854941940475
push,4,5,463.43289235432945,2.0676953275998433,32.42852930978576
push,4,6,463.6485544840495,2.0696885148684183,32.72803409165254
push,4,7,464.59820048014325,2.0739758968353272,32.38227790189903
push,5,0,434.3557286580404,1.938031514485677,27.576441672353496
push,5,1,453.5306457519531,2.0230491956075034,29.342401305449503
push,5,2,451.6337036132812,2.0143059810002644,28.444395803320777
push,5,3,449.73033854166664,2.005207149187724,30.02390403771459
push,5,4,451.91983184814455,2.0153934876124064,30.72010010025377
push,5,5,459.5697514851888,2.048574682076772,32.1759610475704
push,5,6,452.8417734781901,2.019408949216207,30.273894852203515
push,5,7,478.39338938395184,2.1322266101837157,26.51203870304747
push,6,0,613.0913782755534,2.7234535296758016,36.29227363293651
push,6,1,575.9255335489909,2.557491437594096,34.95992379966398
push,6,2,611.1415995279948,2.7130186319351197,34.80390148378357
push,6,3,611.1629130045573,2.7148592948913572,36.86109198628264
push,6,4,602.5106216430664,2.675286563237508,40.50651074263727
push,6,5,599.8863805135092,2.6620800733566283,41.80081961654374
push,6,6,618.5722076416016,2.7465316534042357,38.75308744470371
push,6,7,680.3148122151692,3.016813286145528,35.26893866211328
push,7,0,559.6001958211262,2.486324755350749,36.37848597744161
push,7,1,532.3932266235352,2.364686147371928,35.32574086674405
push,7,2,579.2889216105143,2.5722989519437154,35.77899756685935
push,7,3,579.5201532999674,2.574318512280782,38.97724016817393
push,7,4,572.9314168294271,2.544583173592885,40.7024928289518
push,7,5,571.0227462768555,2.535271151860555,43.47094245987696
push,7,6,573.5324132283529,2.547201708952586,38.79031784558519
push,7,7,643.3510487874349,2.8529620885849,35.13867915000957
push,8,0,686.6159413655599,3.0461284081141153,41.4366790155793
push,8,1,610.382937113444,2.7097731590270997,39.03117534990568
push,8,2,683.0085484822591,3.0347013155619305,40.30391089718733
push,8,3,763.0523712158204,3.385220249493917,47.21123491741126
push,8,4,715.2299321492513,3.173034087816874,48.07971052762362
push,8,5,708.5348587036133,3.1445983330408733,51.152425939418755
push,8,6,705.5445887247721,3.1321078379948935,45.12472505264429
push,8,7,864.4751505533854,3.832349960009257,42.760397165513815
push,9,0,790.1364191691081,3.5063287178675333,43.24762423558058
push,9,1,716.8873275756836,3.183919580777486,42.894292690536425
push,9,2,799.376963297526,3.552552509307861,42.58010619979606
push,9,3,876.4373240152995,3.8898804267247518,48.058646519247795
push,9,4,846.5145202636719,3.7571478684743247,49.821491006033135
push,9,5,826.0207946777343,3.6672229051589964,50.297702302645725
push,9,6,850.5607727050781,3.776959760983785,47.669605860724296
push,9,7,1006.881396484375,4.464147289594014,41.510244177178066
push,10,0,721.6965723673503,3.2066901842753093,42.65407123718849
push,10,1,696.9308141072592,3.0991536140441895,49.6330664425623
push,10,2,783.8423736572265,3.488933722178141,47.038630428895345
push,10,3,837.3916234334309,3.721223012606303,54.793286584093714
push,10,4,830.6269348144531,3.690856862068176,53.761440953491544
push,10,5,805.4990041097005,3.578224301338196,54.08818795175251
push,10,6,825.1429392496744,3.6682316382726032,51.984343919062425
push,10,7,969.0251597086589,4.299215038617452,42.796481961771605
push,11,0,628.9505126953125,2.795888090133667,42.174067657381975
push,11,1,653.6935440063477,2.9055622100830076,53.14752731642863
push,11,2,707.2660736083984,3.149155608812968,46.77313656526732
push,11,3,754.906037902832,3.355653977394104,58.61192305158955
push,11,4,944.74788869222,4.1841078996658325,57.45397262479979
push,11,5,764.8749532063802,3.395813234647115,60.64932229723377
push,11,6,746.1327061971028,3.3176167249679565,52.90231409266753
push,11,7,927.1254048665364,4.1088251829147335,45.73137179726534
push,12,0,712.3562637329102,3.1688918828964234,48.289811329184
push,12,1,708.8720464070637,3.150789658228556,59.72180109395682
push,12,2,854.4966827392578,3.80106463432312,53.04987596440834
push,12,3,881.5736989339192,3.91953444480896,68.21556449148319
push,12,4,1041.25187886556,4.612729064623514,60.92764265354014
push,12,5,869.4275258382162,3.8582353432973227,67.71843494130528
push,12,6,875.7982635498047,3.8931159178415933,61.13864110342973
push,12,7,1103.4924733479818,4.891815384229024,54.13405117250739
push,13,0,660.6024139404296,2.938871908187866,48.6095590672428
push,13,1,689.1762171427409,3.063240623474121,59.10068132477321
push,13,2,796.6901041666666,3.543388923009237,53.700883116702656
push,13,3,818.0496444702148,3.6366836865743,69.57092626676722
push,13,4,975.1938120524088,4.319091359774272,61.72187569385251
push,13,5,830.0979680379231,3.683867311477661,71.81285630204141
push,13,6,828.1036092122396,3.681202538808187,64.19264514157793
push,13,7,964.9602452596029,4.277883497873942,53.24763370328188
push,14,0,568.725174967448,2.5307512601216633,45.9206021476745
push,14,1,593.6599202473958,2.6400975783665976,57.86951262033296
push,14,2,664.5095280965169,2.957006645202637,51.28453036691404
push,14,3,690.4578420003255,3.070294984181722,67.84982224381376
push,14,4,799.075857035319,3.54146990776062,61.29610816455314
push,14,5,702.1037099202474,3.117595354715983,69.65164118795272
push,14,6,687.7844385782878,3.0581989844640094,61.76503818933189
push,14,7,783.3066757202148,3.474451446533203,48.162825112484285
push,15,0,565.6460505167644,2.5185707330703737,44.32096417778363
push,15,1,594.8799835205078,2.647310400009155,56.43859685479374
push,15,2,649.6063359578451,2.8918448527654013,50.032929870448626
push,15,3,657.7169464111328,2.9258666197458902,61.48165569817445
push,15,4,760.6537806193033,3.3737849553426105,57.38898901479466
push,15,5,679.1000717163085,3.0176553249359133,63.19311893929852
push,15,6,640.8911636352539,2.8520467122395834,53.38684109891678
push,15,7,721.3798100789388,3.2037729024887085,42.915106904616444
push,16,0,552.4034932454427,2.4598191420237225,43.53205176792448
push,16,1,590.7794128417969,2.630241274833679,57.18287136900972
push,16,2,629.9553197224935,2.8058454990386963,49.807550176557896
push,16,3,668.7366475423177,2.9749345064163206,65.68347104267484
push,16,4,736.6513341267904,3.2698219935099284,59.019566733826316
push,16,5,689.5602803548177,3.0654953797658284,63.88418307644286
push,16,6,625.281635538737,2.7844131787618003,54.326214069853094
push,16,7,713.2823598225912,3.1709319909413654,43.495413371268405
push,17,0,552.7189376831054,2.461695599555969,41.705578770367865
push,17,1,579.1962320963542,2.579502296447754,56.80829533726167
push,17,2,638.5628255208334,2.8446605761845905,50.81695521225866
push,17,3,653.4085535685222,2.907743151982625,65.19907108396582
push,17,4,737.9746409098308,3.2775205771128335,60.39444550416059
push,17,5,684.1566177368164,3.042934282620748,65.20458319747388
push,17,6,624.726528930664,2.7827019770940145,53.65537284293187
push,17,7,687.2285130818685,3.056932481129964,40.76517242064304
push,18,0,585.044293721517,2.606801748275757,42.36332410552176
push,18,1,610.4133590698242,2.719280449549357,57.54162486153653
push,18,2,669.4027002970378,2.983322278658549,48.00923580764164
push,18,3,689.2615844726563,3.0683621088663737,65.80334448643806
push,18,4,794.4011688232422,3.52927459081014,62.43296181853452
push,18,5,733.0265614827474,3.2612234671910603,67.00756307781465
push,18,6,664.0695714314778,2.9590659459431965,55.3103777808434
push,18,7,704.2675069173177,3.1343193928400677,38.48477378667231
push,19,0,622.6749038696289,2.775143591562907,42.640012638266015
push,19,1,646.0566167195637,2.878775715827942,58.724162927317046
push,19,2,702.5884490966797,3.1320515155792235,47.587051989404614
push,19,3,734.4498402913412,3.2699302117029827,68.79514863634381
push,19,4,841.754734802246,3.7402660608291627,65.35057210823102
push,19,5,770.8504760742187,3.4302852074305217,66.39144917528566
push,19,6,691.6083658854167,3.0820192257563273,56.941110263388815
push,19,7,716.1839660644531,3.1877846002578734,37.78922253097226
push,20,0,698.8952011108398,3.115559943517049,41.28299807387361
push,20,1,720.296203104655,3.2101384003957114,56.82309139003209
push,20,2,781.1664286295573,3.482504399617513,46.0864689659646
push,20,3,811.6804250081381,3.6142988840738934,65.17507779806087
push,20,4,923.886860148112,4.106832544008891,63.65362889445361
push,20,5,851.7259826660156,3.7910155137379964,62.946026482802026
push,20,6,762.8250122070312,3.399702612559001,55.55937456788763
push,20,7,777.7797154744466,3.463161007563273,36.47403148627525
push,21,0,806.3924601236979,3.595998255411784,42.14046544133723
push,21,1,822.5797088623046,3.666981347401937,58.32347779886606
push,21,2,890.1591156005859,3.9695236682891846,47.46997343456176
push,21,3,924.0791798909505,4.116097704569499,66.33448727967229
push,21,4,1051.6823465983073,4.676823878288269,65.08016513476544
push,21,5,966.9079813639323,4.304971249898275,62.76956595020967
push,21,6,866.6402720133464,3.862709665298462,56.338215657872254
push,21,7,862.3499216715495,3.841047501564026,36.9028029692025
push,22,0,989.9782094319661,4.414771318435669,41.5917458382833
push,22,1,975.9451772054036,4.351676019032796,54.58492467365179
push,22,2,1052.8612396240235,4.695977433522542,45.768282704447905
push,22,3,1103.352835083008,4.9160889148712155,60.60209716845648
push,22,4,1253.1331715901692,5.574923308690389,59.69464150459145
push,22,5,1141.585433959961,5.083987919489543,56.319632775501326
push,22,6,1045.309274291992,4.660351705551148,53.37642080263942
push,22,7,1043.831108601888,4.650074450174968,35.69752349420836
push,23,0,1157.5557322184245,5.164157867431641,39.30058683589237
push,23,1,1141.7770782470702,5.09093648592631,48.87217541256097
push,23,2,1224.046283976237,5.460858186086019,42.25591654905306
push,23,3,1275.8598002115884,5.6881956895192465,50.92265663148726
push,23,4,1436.321859741211,6.39217472076416,54.31430086279872
push,23,5,1316.8307932535806,5.866006310780843,52.18486853940307
push,23,6,1218.6678639729819,5.435075775782267,47.216789665515485
push,23,7,1206.7324584960938,5.3767727216084795,34.762803314513675
strike,0,0,118.27794011433919,0.7180497924486796,75.85297042990265
strike,0,1,116.3697285970052,0.7064061651627223,63.070331218285936
strike,0,2,114.38148829142253,0.6941794822613399,56.201503379343954
strike,0,3,112.55362218221029,0.6830438772837321,59.08214743758444
strike,0,4,110.77832997639975,0.6721715241670608,60.193316386359406
strike,0,5,108.95982716878255,0.6610632230838139,54.744146723240796
strike,0,6,106.98394139607747,0.6488247523705165,53.34138175892911
strike,0,7,104.98409411112468,0.6364397337039311,47.686891662718686
strike,1,0,223.9210652669271,1.3401178280512491,37.67911239595487
strike,1,1,223.8450678507487,1.338920921087265,36.942247991465415
strike,1,2,223.43037923177084,1.3356730818748475,36.180419741790665
strike,1,3,223.325271097819,1.3341865042845409,36.21857711239167
strike,1,4,223.15740915934245,1.3329447825749716,36.22521387406353
strike,1,5,222.76421559651692,1.3306133369604747,35.78045121046496
strike,1,6,222.10128377278645,1.3262610733509064,35.739105564792496
strike,1,7,221.00237528483072,1.319618441661199,35.41398266586336
strike,2,0,260.27984212239585,1.5633372863133748,18.364753013410006
strike,2,1,262.67500661214194,1.5783837636311848,18.332016913370907
strike,2,2,265.01029103597006,1.5923938433329263,18.212161531848132
strike,2,3,262.33118642171223,1.5753496487935383,18.19724806270017
strike,2,4,260.34644826253253,1.5630607922871909,18.196264761875927
strike,2,5,261.77183837890624,1.5719262083371481,18.101642083147315
strike,2,6,259.8670811971029,1.5600371479988098,18.121281881264235
strike,2,7,256.7337163289388,1.540662403901418,18.100679194353575
strike,3,0,252.47307383219402,1.5087055246035257,16.298618652514953
strike,3,1,254.564800008138,1.5217397848765055,15.393225834367552
strike,3,2,249.68196818033854,1.49253800312678,15.10852019206299
strike,3,3,247.035400390625,1.4739837527275086,15.793956290266747
strike,3,4,242.3082717895508,1.4457550485928854,17.431485218640418
strike,3,5,239.0295893351237,1.4263087828954062,18.872230585344127
strike,3,6,240.06353708902995,1.4322257916132608,16.23670892919831
strike,3,7,236.93264719645182,1.4128267486890158,17.500408779266387
strike,4,0,285.1270711263021,1.6813405315081278,15.504174300720459
strike,4,1,299.14489491780597,1.7592840234438578,15.55789661209921
strike,4,2,312.81367848714194,1.8293315728505453,15.9247754311937
strike,4,3,302.01299438476565,1.7680821657180785,16.501361350651216
strike,4,4,295.3610549926758,1.7308463096618651,17.66381967914447
strike,4,5,307.18228302001955,1.795009442170461,18.46113661575956
strike,4,6,306.8648452758789,1.7943683544794717,18.15219724708691
strike,4,7,304.53426666259764,1.78225785891215,18.009184408163524
strike,5,0,290.017512512207,1.6936138272285461,15.126598578337772
strike,5,1,292.0143742879232,1.7128342549006144,15.305948564955603
strike,5,2,304.8584721883138,1.7769368886947632,15.447962272066075
strike,5,3,310.44959309895836,1.799536442756653,16.84644542953628
strike,5,4,309.11268717447916,1.7955500602722168,17.550192159566983
strike,5,5,310.509076944987,1.806608513991038,18.673321594623637
strike,5,6,315.24607950846354,1.8265812238057455,17.615199210536993
strike,5,7,330.5072458902995,1.9161934733390809,14.894392317663563
strike,6,0,547.5990895589192,3.0333250602086386,27.398163934078237
strike,6,1,498.2128936767578,2.77303520043691,24.609614263581975
strike,6,2,549.989247639974,3.042413862546285,25.468186149501285
strike,6,3,544.4078633626302,3.015033157666524,27.71999888286465
strike,6,4,545.6234252929687,3.0136511007944744,32.154198993426824
strike,6,5,544.8335144042969,3.00693736076355,33.49233978367673
strike,6,6,566.6097737630208,3.123893936475118,30.335815174920025
strike,6,7,640.0260437011718,3.5099320729573567,28.703933340757235
strike,7,0,499.63657836914064,2.7677807172139484,27.959693162719326
strike,7,1,464.6889363606771,2.5851457675298053,25.431170703430105
strike,7,2,515.0493957519532,2.8516082525253297,25.89196105910333
strike,7,3,520.6236440022786,2.8789143403371176,29.62307383730535
strike,7,4,517.5074066162109,2.8610795577367147,32.52036718737513
strike,7,5,514.3838490804036,2.8432898839314777,34.818511263863385
strike,7,6,521.7433787027995,2.8815484682718915,30.03835229586836
strike,7,7,606.3580556233724,3.32787017027537,28.709688487778987
strike,8,0,662.8311930338542,3.6123557090759277,34.7985619782442
strike,8,1,556.6420878092448,3.0699353218078613,29.361511557628692
strike,8,2,605.5077473958333,3.3475979646046956,29.305419511052186
strike,8,3,722.8893747965495,3.9408067067464194,38.7271632237599
strike,8,4,679.7442586263021,3.712109645207723,40.8796192624902
strike,8,5,657.9055887858073,3.611966101328532,42.81778487413897
strike,8,6,648.6002156575521,3.5631083567937214,36.00917492823383
strike,8,7,845.3757120768229,4.596065775553385,36.65430181037686
strike,9,0,720.7876993815104,3.969933557510376,37.18442047827021
strike,9,1,628.1309672037761,3.4891066789627074,33.774115516264835
strike,9,2,680.9921173095703,3.7884122371673583,31.89459103404475
strike,9,3,785.7851542154948,4.329984180132548,39.92703951942696
strike,9,4,768.340146891276,4.232366522153218,43.60009270648761
strike,9,5,731.5471394856771,4.053210361798604,42.28781588374758
strike,9,6,747.1095336914062,4.1412727038065595,38.60128274315458
strike,9,7,948.9773844401042,5.201747274398803,36.05150595529749
strike,10,0,638.5088968912761,3.5369701941808063,36.171184880913685
strike,10,1,596.219960530599,3.322850473721822,39.16703346523846
strike,10,2,650.397412109375,3.6357873996098835,34.24824512670839
strike,10,3,734.9578033447266,4.063204455375671,45.39927457691352
strike,10,4,727.4999114990235,4.02530132929484,46.27011609331661
strike,10,5,698.5791178385417,3.87655238310496,43.61720289935072
strike,10,6,707.3894083658854,3.9337487538655598,41.66901429956165
strike,10,7,897.2844665527343,4.919699875513713,35.787589936367894
strike,11,0,543.6835367838542,3.0269408305486043,35.25372191169587
strike,11,1,560.6388254801433,3.123604655265808,42.81148004761808
strike,11,2,576.6465677897136,3.233858021100362,32.71352889964147
strike,11,3,648.3140177408854,3.5981691042582193,47.18625024860428
strike,11,4,899.3761311848958,4.916893736521403,56.09517223203198
strike,11,5,666.2845092773438,3.695389978090922,49.00532517432438
strike,11,6,629.7043731689453,3.5075035254160563,41.75608447730907
strike,11,7,862.4438151041667,4.718278900782267,38.87845192497456
strike,12,0,589.2250274658203,3.3029417276382445,38.95086555164235
strike,12,1,600.090254720052,3.354593936602275,51.08748649644623
strike,12,2,688.8163055419922,3.8743701299031574,36.890400578267965
strike,12,3,736.5405314127604,4.104633911450704,56.26202892904098
strike,12,4,963.478281656901,5.287787548700968,59.48591323069877
strike,12,5,747.3580047607422,4.157693656285604,55.6435532915016
strike,12,6,723.3595865885417,4.042826048533121,49.23990935342508
strike,12,7,986.1082560221354,5.437895313898722,43.97201626136743
strike,13,0,540.8560750325521,3.040092929204305,38.60480850415944
strike,13,1,576.5536041259766,3.2324692964553834,49.79962750794859
strike,13,2,645.128721110026,3.6331571261088054,37.83582996494276
strike,13,3,677.8903259277344,3.786598817507426,56.51604252503048
strike,13,4,892.7383666992188,4.914392789204915,60.57979765757067
strike,13,5,706.794746907552,3.93848930199941,58.48365319985843
strike,13,6,678.7878387451171,3.8005271196365356,50.40920576713599
strike,13,7,853.4277201334636,4.712980047861735,42.50402730143308
strike,14,0,462.5312845865885,2.6068909962972007,36.06854567657491
strike,14,1,491.30629475911456,2.76150537331899,48.80576828525809
strike,14,2,537.8716400146484,3.0318237860997517,35.706644593070806
strike,14,3,569.8209645589193,3.1871048053105673,53.70526371730692
strike,14,4,718.7532307942708,3.967716097831726,59.641052238283535
strike,14,5,591.3267405192057,3.304568115870158,55.98752747095865
strike,14,6,561.5742075602213,3.1489726940790814,48.00751960643879
strike,14,7,682.9836547851562,3.782277568181356,37.63171277401425
strike,15,0,456.5343983968099,2.5841342926025392,35.281300292110814
strike,15,1,487.33339640299477,2.7484315554300944,48.387105623646455
strike,15,2,525.8839762369792,2.969252014160156,35.22607170814435
strike,15,3,539.278286743164,3.0275796095530194,50.19015445008846
strike,15,4,676.168246459961,3.744187521934509,55.71346037803376
strike,15,5,566.7238220214844,3.1770706176757812,50.567693839381256
strike,15,6,521.379384358724,2.933938217163086,41.68504769697284
strike,15,7,618.9350748697917,3.447251383463542,33.64985918798853
strike,16,0,448.7272918701172,2.538284929593404,35.90807399834403
strike,16,1,483.03057454427085,2.7261645078659056,49.65655899760146
strike,16,2,507.01296183268227,2.8664966821670532,34.81788171943262
strike,16,3,546.7664245605469,3.069951852162679,54.192983680481504
strike,16,4,647.6868062337239,3.595733865102132,56.56728878226577
strike,16,5,573.1064605712891,3.214602224032084,50.31774763182633
strike,16,6,509.1187815348307,2.869058044751485,43.186058131685485
strike,16,7,596.0908935546875,3.327880597114563,33.047320882425005
strike,17,0,448.22486470540366,2.5373128255208335,34.52558485995771
strike,17,1,472.4342549641927,2.6711317618687946,48.31102800556368
strike,17,2,512.8957143147786,2.9011398633321126,35.446019802338036
strike,17,3,533.1496459960938,2.9973190228144326,53.206984714121184
strike,17,4,645.3291717529297,3.5859637101491293,57.40970607916889
strike,17,5,567.1345937093099,3.183960549036662,51.30711101116421
strike,17,6,506.4687774658203,2.857308522860209,42.34652734090649
strike,17,7,573.9109690348307,3.2171948591868085,30.69234478680657
strike,18,0,471.7734069824219,2.6711650053660074,34.91908560008569
strike,18,1,496.1782206217448,2.806190768877665,48.45059899226322
strike,18,2,533.5464040120443,3.0224388440450034,32.652231628499436
strike,18,3,558.4654317220052,3.143145966529846,53.54097393322274
strike,18,4,693.2813995361328,3.8516064167022703,59.01358184877449
strike,18,5,602.025298055013,3.3813352584838867,52.8933426529793
strike,18,6,533.1626942952474,3.0122101147969564,42.9207432882115
strike,18,7,579.6595336914063,3.257772954305013,28.19177010019564
strike,19,0,500.25450134277344,2.8351106802622477,34.97504213605995
strike,19,1,523.3518961588542,2.962331255276998,49.08168444059153
strike,19,2,556.6219268798828,3.15678912003835,32.126068700128485
strike,19,3,596.4886993408203,3.3604132016499837,55.28958942224803
strike,19,4,732.9465759277343,4.074820828437805,61.020152405901676
strike,19,5,630.4692352294921,3.5450783093770344,51.14561314375081
strike,19,6,554.3762736002604,3.1362467368443805,43.916981123027306
strike,19,7,591.9765899658203,3.332779796918233,27.60541987152248
strike,20,0,559.140067545573,3.1710761388142905,33.66824530888787
strike,20,1,580.6056559244792,3.289470338821411,48.187684561417164
strike,20,2,616.1981506347656,3.497764539718628,31.421185877952105
strike,20,3,657.1895751953125,3.706340456008911,53.20999210944674
strike,20,4,798.0511352539063,4.443638134002685,59.27086577038806
strike,20,5,694.7128987630208,3.9089722474416098,49.02210490903796
strike,20,6,610.1058166503906,3.455143920580546,42.99167263251697
strike,20,7,640.7314615885417,3.6150235732396445,26.83372027289763
strike,21,0,641.6812733968098,3.640713620185852,34.65249344978021
strike,21,1,660.560215250651,3.745619010925293,50.859656667206785
strike,21,2,699.7507181803386,3.97754700978597,32.81684572047023
strike,21,3,745.186201985677,4.206713096300761,55.530627721504125
strike,21,4,902.0219543457031,5.029367367426555,61.283710580246115
strike,21,5,787.193428548177,4.432276439666748,49.96467984223849
strike,21,6,692.8246419270833,3.9245702187220255,44.2480543359598
strike,21,7,707.5563903808594,3.997058320045471,27.34711019207843
strike,22,0,779.850760904948,4.425859975814819,34.54923117710609
strike,22,1,776.4562154134114,4.4070769309997555,48.58235114614913
strike,22,2,818.8945048014323,4.662182299296061,32.922084470733324
strike,22,3,881.63408203125,4.9830717086792,50.824548213244796
strike,22,4,1064.798653157552,5.9443646430969235,56.151565694008355
strike,22,5,922.0693196614583,5.198334264755249,45.704946631073085
strike,22,6,829.1575663248698,4.703390280405681,42.214091056283316
strike,22,7,846.1846333821615,4.795154746373495,26.748556121893976
strike,23,0,912.875254313151,5.1821646372477215,33.59201253069634
strike,23,1,910.0430074055989,5.168940337498983,44.28504456501109
strike,23,2,953.4458760579427,5.42988953590393,31.77403923747421
strike,23,3,1015.9375427246093,5.748881069819133,45.98849895082938
strike,23,4,1219.5033671061199,6.8173473358154295,52.12306855065031
strike,23,5,1067.8518208821615,6.02145840326945,44.64430096279943
strike,23,6,965.6574503580729,5.478779856363932,40.37329042390673
strike,23,7,981.2797485351563,5.5610732714335125,26.91027164142662
reach,0,0,47.84463310241699,0.2044642428557078,28.163814717383115
reach,0,1,47.08435033162435,0.20121517181396484,28.98208099866194
reach,0,2,46.26227347056071,0.1977020248770714,28.175292421287295
reach,0,3,45.770487721761064,0.1956003745396932,28.229623500197746
reach,0,4,45.47272300720215,0.19432787547508876,28.667546556959863
reach,0,5,45.325208536783855,0.19369747440020244,27.24217776087956
reach,0,6,45.20428021748861,0.1931806869804859,26.139192605832275
reach,0,7,44.868764114379886,0.19174685453375181,25.843235522447095
reach,1,0,231.24974161783854,0.988246750831604,74.64645673311678
reach,1,1,230.2917221069336,0.9841526528199513,76.03017559903887
reach,1,2,229.3445622762044,0.9801049629847208,75.87996640098442
reach,1,3,228.74072774251303,0.977524475256602,75.5404985456783
reach,1,4,228.05526682535807,0.9745951573053996,76.162895129195
reach,1,5,227.72429911295572,0.9731807669003805,74.29916146882007
reach,1,6,227.25380198160806,0.9711700956026713,72.5292027820654
reach,1,7,226.7122360229492,0.9688557048638662,71.48591439650257
reach,2,0,299.8763427734375,1.2815228203932445,48.69663435553826
reach,2,1,303.5183390299479,1.29708691239357,48.68616412380107
reach,2,2,307.044765218099,1.3121571044127147,48.846999341873975
reach,2,3,300.4324513753255,1.2838993767897289,49.20891982729304
reach,2,4,296.05637715657554,1.265198185046514,49.07571882179321
reach,2,5,300.19177500406903,1.2828708231449126,49.310235244319344
reach,2,6,298.9369394938151,1.2775082846482595,49.52930720482002
reach,2,7,295.44286855061847,1.2625763654708861,49.02512004816395
reach,3,0,324.8141337076823,1.3880945940812428,51.991791338754254
reach,3,1,330.9034957885742,1.4141175051530201,51.63857586309512
reach,3,2,323.6724166870117,1.3832154631614686,51.842414138932284
reach,3,3,321.1555430094401,1.3724595844745635,53.41243882823845
reach,3,4,308.0089090983073,1.3162773946921031,52.05015518587699
reach,3,5,297.99986623128257,1.273503702878952,52.45867562331679
reach,3,6,309.04321746826173,1.320697514216105,51.995919381410765
reach,3,7,301.49767049153644,1.2884515861670176,53.47961252872508
reach,4,0,428.69752604166666,1.8320407112439474,68.96993842730697
reach,4,1,457.4341298421224,1.954846719900767,69.81749637183263
reach,4,2,484.2323862711589,2.069369165102641,74.83454531310291
reach,4,3,476.1049550374349,2.0346365690231325,77.0813389232592
reach,4,4,449.6209676106771,1.9214571317036946,74.75759134016968
reach,4,5,456.83656107584636,1.9522929867108663,78.05510371998386
reach,4,6,475.9708516438802,2.034063470363617,77.22960477078547
reach,4,7,461.4070994059245,1.9718251943588256,76.36308177694055
reach,5,0,446.73753153483074,1.9091347455978394,75.05539111659022
reach,5,1,452.8912312825521,1.9354326089223226,69.46692000292552
reach,5,2,482.7951232910156,2.0632270137468973,77.63733332314857
reach,5,3,513.8781107584635,2.196060311794281,86.55661441746255
reach,5,4,491.8142354329427,2.1017702500025432,83.09851642519966
reach,5,5,476.94371032714844,2.038220981756846,79.59127589210881
reach,5,6,510.25835978190105,2.180591281255086,85.96530452747135
reach,5,7,527.0238342285156,2.2522386153539022,87.67472948085599
reach,6,0,858.1595377604167,3.6673484722773235,139.78167543550276
reach,6,1,792.5845621744792,3.3871134916941323,122.70984091086125
reach,6,2,858.1639526367187,3.6673673073450725,128.84047554551296
reach,6,3,821.7914225260416,3.5119291385014852,121.40027747941363
reach,6,4,829.9605712890625,3.5468400557835897,132.8965369692012
reach,6,5,818.5206359863281,3.497951451937358,134.2210719896451
reach,6,6,850.485536702474,3.634553583463033,132.5432256881787
reach,6,7,983.5656860351562,4.203272159894308,149.91978280830327
reach,7,0,778.5996276855469,3.327348812421163,137.0696204047062
reach,7,1,721.5196044921875,3.0834171374638877,122.51921643998767
reach,7,2,830.7910705566406,3.5503891944885253,128.59295256810708
reach,7,3,815.3520935058593,3.4844106753667194,131.61285954004762
reach,7,4,796.002880859375,3.40172172387441,134.8615315891404
reach,7,5,778.1713643391927,3.3255186716715497,135.50980478608426
reach,7,6,773.1513875325521,3.3040657599767047,127.35286166260758
reach,7,7,922.1568644205729,3.940841293334961,148.00501809533458
reach,8,0,1036.757851155599,4.430589103698731,172.15299594805992
reach,8,1,911.7578877766927,3.8964012304941815,149.99742439361322
reach,8,2,959.6388956705729,4.101020924250284,138.86344063022273
reach,8,3,1175.2544596354167,5.022454913457235,176.95845333905163
reach,8,4,1105.128507486979,4.722771382331848,172.58735789793184
reach,8,5,1084.207645670573,4.633365980784098,173.1688589753026
reach,8,6,1024.9776123046875,4.380246249834697,154.50579994590635
reach,8,7,1431.3238972981771,6.116768805185954,203.46343744117132
reach,9,0,1031.584053548177,4.408478864034017,121.1577042727852
reach,9,1,926.5362284342448,3.959556516011556,114.68789325095757
reach,9,2,998.6849548339844,4.267884429295858,107.39776265691987
reach,9,3,1168.1808756510416,4.992225980758667,124.5677766241451
reach,9,4,1181.3581644694011,5.048539177576701,133.0135242883136
reach,9,5,1101.2703552246094,4.7062835693359375,124.2982668948993
reach,9,6,1100.361726888021,4.702400541305542,116.17806975222241
reach,9,7,1546.0921061197917,6.60723123550415,154.3700229272302
reach,10,0,887.745068359375,3.793782337506612,117.87779234405836
reach,10,1,857.294014485677,3.663649638493856,116.58681253870652
reach,10,2,940.8986775716146,4.020934518178304,106.64337540339781
reach,10,3,1066.095281982422,4.555962737401327,125.75812687209462
reach,10,4,1097.9376586914063,4.692041333516439,131.54985959107432
reach,10,5,1046.7798970540364,4.473418378829956,129.41100667693206
reach,10,6,1024.8216125488282,4.379579544067383,121.74821556712912
reach,10,7,1418.9461466471355,6.063872448603312,163.50265555213772
reach,11,0,740.2715962727865,3.163553810119629,114.27972312427498
reach,11,1,806.816943359375,3.4479356606801352,126.73634530532415
reach,11,2,854.1362325032552,3.6501548369725545,106.11225840326905
reach,11,3,940.3261149088542,4.018487675984701,127.60337804961085
reach,11,4,1366.2658854166666,5.8387430508931475,157.86567275917147
reach,11,5,1022.877187093099,4.371270004908244,140.28678744817364
reach,11,6,922.7492045084635,3.943372678756714,122.88119259501251
reach,11,7,1365.9286336263021,5.837301905949911,172.18232010340944
reach,12,0,754.778163655599,3.225547711054484,108.32878855355838
reach,12,1,834.2082051595052,3.564992348353068,129.32238013630038
reach,12,2,1019.0023885091146,4.354711055755615,111.89267854085111
reach,12,3,1083.1568501790364,4.628875430425008,138.9485619563223
reach,12,4,1419.5039184570312,6.066256014506022,154.1603208158802
reach,12,5,1135.1123128255208,4.850907278060913,143.765717665033
reach,12,6,1040.9248494466146,4.448396762212117,124.22912776624506
reach,12,7,1430.0575520833333,6.111357021331787,159.73404102961962
reach,13,0,677.9073608398437,2.8970400015513103,105.08416639096353
reach,13,1,788.4879211425781,3.3696065028508504,121.58774863358882
reach,13,2,972.4952311197917,4.155962538719177,115.55437813878689
reach,13,3,982.2869852701823,4.197807637850444,133.4196414221185
reach,13,4,1289.771378580729,5.511843506495158,150.5278166679114
reach,13,5,1064.4112447102864,4.548765993118286,138.70432243647522
reach,13,6,954.5910685221354,4.079449033737182,122.00774869766119
reach,13,7,1207.3637654622396,5.159674231211344,152.93225583133795
reach,14,0,579.1593607584635,2.475040006637573,99.6442937225835
reach,14,1,665.3547668457031,2.8433964331944783,114.29460333531982
reach,14,2,816.6667744954427,3.4900289376576743,115.64058314654135
reach,14,3,820.6669108072916,3.5071235497792563,132.26927400155984
reach,14,4,1015.2387674967448,4.338627203305562,142.85353197775274
reach,14,5,860.1256469726562,3.6757506052652995,130.7728552662193
reach,14,6,791.7349161783854,3.3834825356801352,117.06925506707208
reach,14,7,958.8838806152344,4.097794365882874,135.28272848413357
reach,15,0,566.0068216959636,2.4188325723012287,93.22262411289765
reach,15,1,661.3468383789062,2.8262685537338257,110.40293795827999
reach,15,2,806.9735697428385,3.4486049969991046,114.52341157535051
reach,15,3,766.4257649739583,3.2753237803777058,121.82741703496549
reach,15,4,934.3324035644531,3.992873485883077,134.72486780795282
reach,15,5,802.9071472167968,3.4312271515528363,119.01385399552191
reach,15,6,742.0069864908854,3.1709700266520184,106.84050175837352
reach,15,7,854.8306315104167,3.653122353553772,114.82410104838169
reach,16,0,565.1978841145833,2.415375582377116,98.07091378048453
reach,16,1,647.0177917480469,2.765033316612244,110.60122798460573
reach,16,2,764.299658203125,3.2662378629048665,113.55373145477287
reach,16,3,785.6974711100261,3.357681488990784,126.88962193435313
reach,16,4,869.4782918294271,3.715719199180603,134.46745185380675
reach,16,5,799.4592366536458,3.416492470105489,119.8419783867824
reach,16,6,705.2096537272135,3.013716475168864,106.03922667380921
reach,16,7,818.6586283365885,3.4985411167144775,109.2179892903253
reach,17,0,563.174648030599,2.406729253133138,94.17610667374247
reach,17,1,616.7491495768229,2.6356801350911456,105.65561907230276
reach,17,2,758.6411051432292,3.2420560121536255,109.5906626260196
reach,17,3,747.6347229003907,3.1950201908747355,121.29258154271919
reach,17,4,857.787430826823,3.665758244196574,130.42075368633544
reach,17,5,771.9337748209635,3.2988622824350995,115.38612479886143
reach,17,6,694.1671854654948,2.966526436805725,100.04619165687976
reach,17,7,788.4087768554688,3.369268298149109,98.27399160168918
reach,18,0,593.7485168457031,2.5373868227005003,94.13457572502271
reach,18,1,639.4065022786458,2.7325064261754353,105.91651249625734
reach,18,2,778.6642903645833,3.3276251713434855,107.54691324516999
reach,18,3,765.4222574869792,3.2710352897644044,119.29478609489011
reach,18,4,909.3581237792969,3.886145846048991,131.84400644224553
reach,18,5,815.7618896484375,3.486161947250366,114.93112639573887
reach,18,6,712.9331034342448,3.046722690264384,97.64583451107518
reach,18,7,780.3334879557292,3.334758488337199,92.21933393489248
reach,19,0,626.8482421875,2.6788386583328245,91.83139112072367
reach,19,1,672.299863688151,2.873076343536377,104.78299841869226
reach,19,2,811.484434000651,3.467882204055786,103.70500659515268
reach,19,3,807.5096842447916,3.4508960882822675,117.85839411233222
reach,19,4,955.2579732259114,4.082299049695333,131.0701536378636
reach,19,5,860.6871276855469,3.6781500895818073,112.84993897012205
reach,19,6,740.6712381998698,3.165261713663737,96.30349151085389
reach,19,7,784.6632222493489,3.353261613845825,85.27963626358978
reach,20,0,699.2037048339844,2.988050023714701,88.30001905496341
reach,20,1,741.278065999349,3.1678550004959107,101.11814395757034
reach,20,2,883.6712137858073,3.776372718811035,97.80519907483637
reach,20,3,881.5095601399739,3.7671348889668783,114.28312881378936
reach,20,4,1030.6148071289062,4.404336802164713,125.78956310610346
reach,20,5,937.9068318684896,4.008148868878682,109.34742528932881
reach,20,6,801.3808776855469,3.424704591433207,92.15329157843892
reach,20,7,834.2573913574219,3.565202498435974,79.34138070750592
reach,21,0,803.565743001302,3.434041651089986,85.56975128604304
reach,21,1,835.0746419270833,3.568695068359375,97.46542945006401
reach,21,2,988.3461527506511,4.2237015008926395,95.00002010713614
reach,21,3,986.3196960449219,4.2150414228439335,112.18603637090987
reach,21,4,1148.3171468098958,4.907338237762451,122.69415570351637
reach,21,5,1049.5024007161458,4.485053030649821,108.02854253356648
reach,21,6,893.4761413574219,3.8182740767796832,92.0119609770949
reach,21,7,906.4308471679688,3.8736361026763917,76.16923544066388
reach,22,0,975.5407897949219,4.168977801005045,79.9948507050541
reach,22,1,970.8445393880208,4.148908265431722,91.22543794781198
reach,22,2,1131.784578450521,4.836686197916666,86.72426377969477
reach,22,3,1142.0909627278645,4.880730628967285,99.75820324815739
reach,22,4,1328.0380452473958,5.675376240412394,110.6042794639414
reach,22,5,1208.657596842448,5.165203364690145,97.54137733214823
reach,22,6,1045.5779846191406,4.4682820002237955,84.00683378272373
reach,22,7,1045.8121826171875,4.4692828019460045,67.95429460661263
reach,23,0,1124.166162109375,4.804128885269165,75.25938623821618
reach,23,1,1120.6007934570312,4.7888922691345215,85.7776469672293
reach,23,2,1295.423185221354,5.535996516545613,80.71219432218567
reach,23,3,1286.703515625,5.498732980092367,92.110740793924
reach,23,4,1496.8972534179688,6.396996752421061,103.6442354087216
reach,23,5,1378.1259358723958,5.889427026112874,92.62680708741108
reach,23,6,1194.6830037434895,5.105482943852743,80.47708576948804
reach,23,7,1200.1128743489583,5.128687461217244,66.38430418403567
drawer,0,0,197.3760004679362,0.7074408570925395,35.08221950423213
drawer,0,1,194.69658762613932,0.697837233543396,35.021333794508585
drawer,0,2,191.58260396321614,0.6866759965817134,34.27542918560922
drawer,0,3,188.26729380289714,0.6747931689023972,32.39971881573625
drawer,0,4,185.3657424926758,0.6643933365742366,36.179148262351646
drawer,0,5,182.84716339111327,0.655366176366806,36.41334557461757
drawer,0,6,180.53785909016926,0.6470891018708547,33.806380443687324
drawer,0,7,177.76319224039713,0.6371440629164378,33.30101287362569
drawer,1,0,349.2826232910156,1.2519090473651886,35.67785590149137
drawer,1,1,348.3322794596354,1.248502798875173,35.79663380500513
drawer,1,2,346.9314641316732,1.2434819559256236,35.97191234149917
drawer,1,3,344.50313568115234,1.2347782591978709,34.884201209277116
drawer,1,4,342.8718551635742,1.228931373357773,37.01158938057232
drawer,1,5,341.38853708902997,1.2236148297786713,37.693230251861245
drawer,1,6,340.3454788208008,1.219876269499461,36.940258567376304
drawer,1,7,338.2450642903646,1.2123479127883912,36.3726597133407
drawer,2,0,443.24876302083334,1.5887052456537882,29.785116993935574
drawer,2,1,449.7894673665365,1.612148634592692,29.161112976891538
drawer,2,2,453.3544128417969,1.6249262015024821,29.033089631936935
drawer,2,3,446.34160868326825,1.5997907121976216,29.41435716685159
drawer,2,4,439.6396016438802,1.5757691701253256,31.552120062363723
drawer,2,5,442.78220825195314,1.5870329976081847,31.259997365843358
drawer,2,6,440.6770528157552,1.579487649599711,30.948975679693316
drawer,2,7,435.0444681803385,1.5592991669972738,30.441498623818514
drawer,3,0,467.92320556640624,1.6771441141764323,30.313155692147333
drawer,3,1,468.49579162597655,1.6791963974634807,30.75716938271839
drawer,3,2,459.5309997558594,1.6470645348230997,29.20191491591932
drawer,3,3,455.1187764485677,1.6312500953674316,31.06627150200982
drawer,3,4,453.25791219075523,1.6245803356170654,33.63819671190929
drawer,3,5,439.7366058349609,1.5761168758074442,35.757323792431826
drawer,3,6,443.43455912272134,1.5893711805343629,31.646612032926942
drawer,3,7,441.2304962158203,1.581471316019694,33.570584193565495
drawer,4,0,674.9248209635417,2.419085391362508,41.38619697644196
drawer,4,1,704.4133219401042,2.524778938293457,43.5984025215005
drawer,4,2,735.0572794596354,2.6346138954162597,45.35135174096616
drawer,4,3,712.6973286946615,2.5544707139333087,46.917348394605014
drawer,4,4,708.7603454589844,2.540359632174174,50.794791487479785
drawer,4,5,736.418387858073,2.6394924402236937,58.90277915821479
drawer,4,6,725.5637247721354,2.6005868434906008,50.92321069923149
drawer,4,7,750.3042846679688,2.6892626682917276,55.58329392676537
drawer,5,0,701.0742045084636,2.512810778617859,45.737240868862635
drawer,5,1,712.3298482259114,2.5531535784403485,48.24160763808811
drawer,5,2,747.5954956054687,2.679553739229838,51.83269414807015
drawer,5,3,740.8806376139323,2.6554861545562742,53.944041280511
drawer,5,4,750.9688395182292,2.69164457321167,57.458145681587915
drawer,5,5,761.6877868652343,2.7300637563069663,63.92600944777117
drawer,5,6,760.0987386067708,2.7243682543436685,55.582744784295436
drawer,5,7,860.8850728352865,3.0856096029281614,60.73112735200694
drawer,6,0,851.889306640625,3.053366684913635,56.422962268731496
drawer,6,1,774.2634602864583,2.7751378456751508,52.37785780213169
drawer,6,2,849.2121663411458,3.04377117951711,57.555420020910375
drawer,6,3,883.064951578776,3.1651073535283407,60.68301894159444
drawer,6,4,870.2517740885417,3.119181982676188,64.33912374502619
drawer,6,5,837.6946614583334,3.0024898449579873,67.56419380258873
drawer,6,6,887.3687276204427,3.1805330753326415,61.60560738514421
drawer,6,7,1046.3344563802084,3.750302704175313,64.33632903471823
drawer,7,0,798.6257141113281,2.862457784016927,56.285547593780045
drawer,7,1,730.1279337565104,2.616946013768514,51.41847530770845
drawer,7,2,817.7217997233073,2.9309024890263875,56.00353289964017
drawer,7,3,835.8108154296875,2.9957376877466837,62.771738778759115
drawer,7,4,834.9633748372396,2.9927002668380736,65.45738900026136
drawer,7,5,838.1361287434896,3.004072149594625,69.91086419107923
drawer,7,6,846.6079223632812,3.0344370047251386,60.966630138111
drawer,7,7,985.8525960286458,3.533521858851115,64.42555235783388
drawer,8,0,869.881650797526,3.1178553819656374,56.80491008840807
drawer,8,1,779.3012410481771,2.7931944052378337,53.391875245762336
drawer,8,2,911.7784749348958,3.268023196856181,58.417077516857994
drawer,8,3,931.559413655599,3.338922611872355,65.31249920211484
drawer,8,4,933.6099060058593,3.346272047360738,72.26161350063884
drawer,8,5,921.7116394042969,3.3036259492238362,74.64248396687822
drawer,8,6,938.7337768554687,3.3646372079849245,64.31072279627348
drawer,8,7,1170.3698099772134,4.194873881340027,72.68942457614239
drawer,9,0,1004.6041035970052,3.6007315556208295,59.496131907960276
drawer,9,1,926.5470357259114,3.320957128206889,60.36699795043116
drawer,9,2,1084.9492838541667,3.888707089424133,63.93178423533538
drawer,9,3,1105.6341491699218,3.9628464301427204,70.9819743474706
drawer,9,4,1093.0489217122397,3.9177380720774333,77.41831964770695
drawer,9,5,1095.2731018066406,3.9257100423177085,75.48300484046429
drawer,9,6,1103.1596394856772,3.9539771954218548,68.44978620811149
drawer,9,7,1385.6518798828124,4.966494194666544,73.82730925353215
drawer,10,0,960.8953796386719,3.444069488843282,61.643421472035264
drawer,10,1,894.4286641438802,3.2058375040690104,63.71123028305116
drawer,10,2,1073.4711466471354,3.847566843032837,67.82216765043398
drawer,10,3,1078.183455403646,3.864456836382548,77.10456012706432
drawer,10,4,1074.181730143229,3.8501137256622315,82.01856989500224
drawer,10,5,1073.9657633463542,3.8493396282196044,79.28521235240945
drawer,10,6,1077.1858825683594,3.860881280899048,73.74627937686385
drawer,10,7,1347.5650187174479,4.829982137680053,71.41576155470351
drawer,11,0,869.7269999186198,3.117301082611084,60.110622858130576
drawer,11,1,831.3169657389323,2.979630716641744,62.77458882440484
drawer,11,2,984.9223185221355,3.53018749554952,65.66813836788535
drawer,11,3,981.8988688151042,3.519350798924764,76.33752236396055
drawer,11,4,1028.6403910319011,3.6868831157684325,84.28890786528068
drawer,11,5,1002.68017578125,3.5938357671101886,82.30170003318449
drawer,11,6,970.3020914713542,3.477785261472066,71.56423443562943
drawer,11,7,1236.8309814453125,4.433085966110229,70.80750850164264
drawer,12,0,921.1607991536458,3.30165163675944,59.921985473402096
drawer,12,1,852.0595520019531,3.053976893424988,63.34473599174152
drawer,12,2,1055.547060139974,3.783322795232137,70.83778496249519
drawer,12,3,1055.5546346028646,3.7833499670028687,82.45639263879875
drawer,12,4,1071.309588623047,3.839819312095642,89.85927423121755
drawer,12,5,1059.016396077474,3.7957576831181843,87.81315880302476
drawer,12,6,1041.69931640625,3.733689300219218,76.65543134302683
drawer,12,7,1369.5928100585938,4.908934815724691,75.42997716313512
drawer,13,0,866.6767944335937,3.1063684225082397,57.752144064007766
drawer,13,1,818.8116088867188,2.934808627764384,61.15690277893842
drawer,13,2,975.8254475911458,3.4975822448730467,69.22577773745125
drawer,13,3,989.6261291503906,3.5470470666885374,82.79122072467275
drawer,13,4,994.0054056803385,3.562743385632833,89.04967560609253
drawer,13,5,995.1295369466146,3.5667725165685016,86.21270560645424
drawer,13,6,993.2380635579427,3.559993052482605,76.43673756957047
drawer,13,7,1200.204500325521,4.301808269818624,71.259394922127
drawer,14,0,790.1342610677083,2.832022452354431,54.783358592159274
drawer,14,1,744.7206278483073,2.6692495505015055,57.9211328599887
drawer,14,2,835.774247233073,2.9956065972646075,64.50711459999731
drawer,14,3,874.9240804036458,3.1359286228815715,81.44071243370334
drawer,14,4,879.6795328776042,3.1529732227325438,87.20195818106366
drawer,14,5,873.6216247558593,3.131260291735331,84.59837749108284
drawer,14,6,867.6287027994791,3.1097802956899008,73.91770001075191
drawer,14,7,1013.3242533365885,3.6319865624109906,62.556621744014656
drawer,15,0,813.1372436523437,2.914470410346985,55.657361057473416
drawer,15,1,765.9027587890625,2.7451711813608806,60.397694112134516
drawer,15,2,823.378731282552,2.9511782487233478,64.17855954666835
drawer,15,3,866.5636739095052,3.1059629678726197,83.54113934712564
drawer,15,4,877.5474568684896,3.1453314145406086,87.7570432700802
drawer,15,5,866.8612894694011,3.1070297161738076,85.4726901138413
drawer,15,6,838.8796468098958,3.0067370812098186,71.58026874163724
drawer,15,7,940.604433186849,3.3713420550028483,55.650226131085056
drawer,16,0,803.1761311848958,2.878767498334249,54.777659186097004
drawer,16,1,776.8006917317708,2.7842318932215373,60.08248699680233
drawer,16,2,812.3537943522135,2.9116623560587565,64.03554861580675
drawer,16,3,888.3765319824219,3.18414527575175,86.83028726890568
drawer,16,4,892.4757080078125,3.198837677637736,88.96175666085944
drawer,16,5,883.7074279785156,3.167410135269165,84.87285909093849
drawer,16,6,849.0965759277344,3.0433568954467773,73.02421711507817
drawer,16,7,958.4563374837239,3.4353273630142214,55.43753058644604
drawer,17,0,821.6021870930989,2.944810692469279,53.461241085921635
drawer,17,1,790.0257466634115,2.8316334883371987,59.21420589549459
drawer,17,2,827.0338236490885,2.9642789363861084,64.15132321030848
drawer,17,3,890.163340250651,3.190549604098002,84.40024500707368
drawer,17,4,920.8815714518229,3.30065077940623,88.7546121434518
drawer,17,5,900.3418863932292,3.227031858762105,86.45874750863916
drawer,17,6,854.2726501464844,3.0619091431299847,70.67713853041029
drawer,17,7,944.4914835611979,3.385274124145508,51.57277183721905
drawer,18,0,884.2115071614584,3.1692168712615967,55.144188412139286
drawer,18,1,846.4479858398438,3.0338637590408326,60.330451067006265
drawer,18,2,885.4701497395833,3.1737281560897825,63.30054347158861
drawer,18,3,953.0917154947916,3.4160993496576944,86.34822441233617
drawer,18,4,1001.0612406412761,3.5880331357320148,90.00090893284293
drawer,18,5,979.4694417317709,3.510643156369527,87.40066931526465
drawer,18,6,925.9821105957031,3.318932302792867,72.39692393834227
drawer,18,7,994.5545064290365,3.564711499214172,50.14889061633546
drawer,19,0,960.8203653971354,3.4438005924224853,56.196280274091215
drawer,19,1,913.5261800130208,3.2742873668670653,61.01343547665653
drawer,19,2,961.9720540364583,3.447928524017334,65.07658454013963
drawer,19,3,1044.4573282877604,3.7435746351877848,87.22971925870617
drawer,19,4,1083.7405517578125,3.884374753634135,88.79625639568717
drawer,19,5,1059.4730346679687,3.797394386927287,86.56195541781112
drawer,19,6,999.0487650553385,3.5808199485143026,75.14966802620845
drawer,19,7,1054.2479817708333,3.778666599591573,49.50430880885026
drawer,20,0,1082.4902364095053,3.879893350601196,56.30214335359255
drawer,20,1,1028.0487426757813,3.684762541453044,62.682716677799355
drawer,20,2,1087.3002827962239,3.897133636474609,66.20351456638907
drawer,20,3,1173.2303670247395,4.205126786231995,88.46335033531703
drawer,20,4,1215.4888427734375,4.356590859095255,88.92689794555197
drawer,20,5,1190.3834513346353,4.266607356071472,87.26850387393694
drawer,20,6,1117.394148763021,4.004996943473816,76.5411813602196
drawer,20,7,1155.5180094401042,4.141641632715861,49.226496157268336
drawer,21,0,1256.5000935872397,4.503584575653076,58.61804168830868
drawer,21,1,1186.7546142578126,4.253600772221883,66.96469405855296
drawer,21,2,1258.99765625,4.5125363826751705,70.28520933560377
drawer,21,3,1351.1122639973958,4.842696285247802,93.42012098079837
drawer,21,4,1412.0378946940104,5.061067724227906,93.35017236137143
drawer,21,5,1374.9865681966146,4.928267288208008,90.16072562135831
drawer,21,6,1285.6659383138021,4.608121649424235,82.7963364097279
drawer,21,7,1293.9987711588542,4.637988424301147,51.69085013496202
drawer,22,0,1515.8086263020834,5.433005841573079,58.931044278463254
drawer,22,1,1391.8782104492188,4.9888108253479,68.32789634444332
drawer,22,2,1464.20751953125,5.248055632909139,71.15418913433427
drawer,22,3,1598.339453125,5.728815269470215,93.98082253933482
drawer,22,4,1685.8303181966146,6.042402569452921,94.07715704733536
drawer,22,5,1612.1470174153646,5.778304767608643,87.83113404196769
drawer,22,6,1525.3409505208333,5.4671718120574955,85.30145353963695
drawer,22,7,1524.6077962239583,5.464544057846069,52.38495753479314
drawer,23,0,1736.733907063802,6.224852705001831,60.229971157549436
drawer,23,1,1589.122538248698,5.69577972094218,69.39051661744023
drawer,23,2,1667.6296630859374,5.977167240778605,70.5594211927723
drawer,23,3,1820.333378092448,6.524492390950521,91.30743451459712
drawer,23,4,1917.2033732096354,6.87169664700826,92.08369779270289
drawer,23,5,1829.8271158854166,6.558520142237345,86.01643723826194
drawer,23,6,1743.5263346354166,6.249198325475057,84.27672133515486
drawer,23,7,1732.405379231771,6.209338267644246,53.34045653274078
peg_insert,0,0,56.35088221232096,0.4402412672837575,23.381141161482795
peg_insert,0,1,55.115377553304036,0.4305888871351878,22.803408841813038
peg_insert,0,2,53.964884694417314,0.42160066167513527,21.49996569244809
peg_insert,0,3,53.00280927022298,0.41408444742361705,20.976027824558223
peg_insert,0,4,52.20906194051107,0.40788329641024273,20.24997044977176
peg_insert,0,5,51.36819178263347,0.40131399830182396,20.859939893958458
peg_insert,0,6,50.40004272460938,0.39375033378601076,21.366376303876848
peg_insert,0,7,49.57367045084636,0.38729430039723717,20.777110479441106
peg_insert,1,0,172.87784907023112,1.3506081958611806,46.74986695544106
peg_insert,1,1,172.75346603393555,1.3496364533901215,46.762576222010644
peg_insert,1,2,172.2115394592285,1.3454026520252227,46.05462628695389
peg_insert,1,3,171.64738871256512,1.340995224316915,45.334231450950014
peg_insert,1,4,171.1540278116862,1.3371408422787985,44.8715552290813
peg_insert,1,5,170.8189389546712,1.3345229605833688,45.70359899724308
peg_insert,1,6,170.31804631551105,1.3306097368399301,46.90117993866965
peg_insert,1,7,170.01388549804688,1.3282334804534912,46.316834633118994
peg_insert,2,0,303.09031066894534,2.3678930521011354,47.51475877127481
peg_insert,2,1,307.2520812988281,2.4004068851470945,47.52083186854963
peg_insert,2,2,309.7600138346354,2.420000108083089,48.01501898706253
peg_insert,2,3,303.3818537394206,2.3701707323392234,47.981474307820235
peg_insert,2,4,298.2297205607096,2.329919691880544,47.23043580530745
peg_insert,2,5,297.7348225911458,2.3260533014933267,46.2120942273913
peg_insert,2,6,291.83253428141273,2.279941674073537,45.07112046846761
peg_insert,2,7,285.2297154744466,2.228357152144114,44.17337765898853
peg_insert,3,0,325.66478373209634,2.5442561229070026,47.31663395379249
peg_insert,3,1,344.0188217163086,2.687647044658661,48.390269903528946
peg_insert,3,2,322.41388244628905,2.518858456611633,47.04748522502349
peg_insert,3,3,313.57090555826824,2.4497726996739706,45.18410776159756
peg_insert,3,4,303.039106241862,2.3674930175145468,44.92191618574961
peg_insert,3,5,297.5277369181315,2.3244354446729023,44.17941268452176
peg_insert,3,6,303.4697235107422,2.3708572149276734,43.47606958322779
peg_insert,3,7,287.3035730997721,2.2445591648419696,42.06946255050001
peg_insert,4,0,316.98360036214194,2.476434377829234,45.343286901040216
peg_insert,4,1,339.78115234375,2.654540252685547,45.66813994186298
peg_insert,4,2,343.4296630859375,2.6830442428588865,44.78704396626775
peg_insert,4,3,317.09492746988934,2.4773041208585105,43.372096221439456
peg_insert,4,4,309.08629150390624,2.4147366523742675,43.066450134572804
peg_insert,4,5,317.857470703125,2.483261489868164,42.96378942958648
peg_insert,4,6,322.2927403767904,2.517912034193675,41.81708032123882
peg_insert,4,7,319.04116872151695,2.492509130636851,41.32093137612235
peg_insert,5,0,302.05382741292317,2.3597955266634623,40.34316075624267
peg_insert,5,1,333.9519938151042,2.6089999516805014,41.96738009207381
peg_insert,5,2,326.5965347290039,2.551535427570343,38.99909851073692
peg_insert,5,3,306.74951121012367,2.396480556329091,39.320179302725464
peg_insert,5,4,311.6915598551432,2.4350903113683064,40.38359359610145
peg_insert,5,5,327.3115758260091,2.5571216861406962,40.63126861652324
peg_insert,5,6,312.2733601888021,2.4396356264750163,36.840063490057496
peg_insert,5,7,325.2278116861979,2.5408422787984213,37.295028001957085
peg_insert,6,0,337.0632690429687,2.633306789398193,37.847118652538555
peg_insert,6,1,343.05506693522136,2.680117710431417,37.32964605468749
peg_insert,6,2,350.7357208251953,2.7401228189468383,36.17120174997064
peg_insert,6,3,352.1711069742839,2.7513367732365928,37.53276614319184
peg_insert,6,4,339.2182322184245,2.650142439206441,38.33718718238649
peg_insert,6,5,341.9848968505859,2.6717570066452025,38.78965226860044
peg_insert,6,6,345.3157501220703,2.6977792978286743,36.80744219977156
peg_insert,6,7,366.25562540690106,2.8613720734914145,38.65329340413444
peg_insert,7,0,316.0216888427734,2.4689194440841673,38.4819846860465
peg_insert,7,1,322.80652872721356,2.521926005681356,37.75446456895861
peg_insert,7,2,339.6510386149088,2.653523739178975,37.35611278431921
peg_insert,7,3,335.7700266520182,2.623203333218892,39.0277070853673
peg_insert,7,4,325.1796915690104,2.5404663403828938,38.835163813072235
peg_insert,7,5,333.83457438151044,2.6080826123555503,40.15450780189648
peg_insert,7,6,331.2608662923177,2.587975517908732,37.912920079977035
peg_insert,7,7,343.7424611409505,2.685487977663676,38.92149612870089
peg_insert,8,0,353.21343688964845,2.7594799757003785,36.99425221713181
peg_insert,8,1,353.1390360514323,2.758898719151815,36.105585123106735
peg_insert,8,2,386.2755554199219,3.0177777767181397,37.62584660172301
peg_insert,8,3,380.43402608235675,2.972140828768412,39.83816189625524
peg_insert,8,4,362.8097910563151,2.8344514926274615,39.847488819647985
peg_insert,8,5,381.6953165690104,2.9819946606953938,41.47273686571489
peg_insert,8,6,371.311680094401,2.900872500737508,38.5433354003586
peg_insert,8,7,398.2979044596354,3.1117023785909015,41.80577446546928
peg_insert,9,0,463.02406921386716,3.6173755407333372,33.72063744929493
peg_insert,9,1,463.7700958251953,3.6232038736343384,36.021752294010966
peg_insert,9,2,529.0686330159505,4.133348695437113,37.18228711533932
peg_insert,9,3,496.58908996582034,3.8796022653579714,38.04829040076762
peg_insert,9,4,482.1817118326823,3.7670446236928306,37.994595320442606
peg_insert,9,5,507.1783518473307,3.962330873807271,39.96525588133373
peg_insert,9,6,489.1758728027344,3.8216865062713623,36.43915971990666
peg_insert,9,7,533.5674977620442,4.168496076265971,38.73267084304028
peg_insert,10,0,453.00372721354165,3.539091618855794,36.35108925672653
peg_insert,10,1,449.35060831705727,3.51055162747701,39.044800983704405
peg_insert,10,2,516.2517517089843,4.03321681022644,40.03668837714788
peg_insert,10,3,498.5266540527344,3.8947394847869874,40.64251623414426
peg_insert,10,4,471.5140665690104,3.683703645070394,40.73592511586252
peg_insert,10,5,498.1781941731771,3.892017141977946,42.80311587137525
peg_insert,10,6,479.7980936686198,3.748422606786092,38.46917042227921
peg_insert,10,7,499.47800903320314,3.9021719455718995,40.203018909282086
peg_insert,11,0,419.647412109375,3.2784954071044923,37.91152408982293
peg_insert,11,1,426.5070841471354,3.3320865948994953,40.39413042897535
peg_insert,11,2,486.37660013834636,3.799817188580831,40.926140250148016
peg_insert,11,3,458.0099334716797,3.5782026052474976,41.61542980400956
peg_insert,11,4,465.094639078776,3.6335518678029377,42.1360840287967
peg_insert,11,5,478.91054382324216,3.7414886236190794,43.52057093223295
peg_insert,11,6,444.34667053222654,3.47145836353302,39.07183296986674
peg_insert,11,7,470.28643188476565,3.6741127490997316,40.78344273405595
peg_insert,12,0,444.70214029947914,3.474235471089681,37.39970405402195
peg_insert,12,1,456.02574869791664,3.5627011617024738,36.49850301281178
peg_insert,12,2,527.578065999349,4.121703640619914,36.934171931504345
peg_insert,12,3,490.9002431233724,3.8351581494013467,40.86361353639327
peg_insert,12,4,494.2705912272135,3.8614889939626056,37.821576991636825
peg_insert,12,5,515.6789123535157,4.028741502761841,37.05807554391333
peg_insert,12,6,483.6754943847656,3.7787147998809814,38.099132432984185
peg_insert,12,7,512.2662577311198,4.002080138524374,36.97850024910725
peg_insert,13,0,416.6308990478516,3.2549288988113405,37.69801065917603
peg_insert,13,1,444.97942810058595,3.4764017820358277,37.22788704970917
peg_insert,13,2,498.9041422526042,3.89768861134847,37.07048325323295
peg_insert,13,3,464.72100423177085,3.6306328455607098,40.9656465704528
peg_insert,13,4,471.4733917236328,3.6833858728408813,38.717279210411455
peg_insert,13,5,490.72869466145835,3.8338179270426433,36.96988480686199
peg_insert,13,6,460.5003275553385,3.597658809026082,38.87252786647478
peg_insert,13,7,467.53905232747394,3.65264884630839,36.485969356430374
peg_insert,14,0,372.65062154134114,2.9113329807917276,38.257016189657016
peg_insert,14,1,400.1451934814453,3.1261343240737913,37.886650361285184
peg_insert,14,2,425.01540018717446,3.3204328139623005,37.627646837145484
peg_insert,14,3,411.90606994628905,3.218016171455383,42.05861741628228
peg_insert,14,4,416.70322875976564,3.255493974685669,40.05185192176142
peg_insert,14,5,429.9823455810547,3.3592370748519897,37.66342966788084
peg_insert,14,6,405.19141743977866,3.165557948748271,38.80014867819846
peg_insert,14,7,408.336865234375,3.1901317596435548,34.986437669360065
peg_insert,15,0,376.9585815429688,2.9449889183044435,38.106092565397
peg_insert,15,1,403.1461222330729,3.149579079945882,38.44392998577397
peg_insert,15,2,414.4739023844401,3.2380773623784385,37.127137193327734
peg_insert,15,3,409.0439961751302,3.1956562201182046,40.71712856408412
peg_insert,15,4,415.5639607747396,3.246593443552653,40.420212425615745
peg_insert,15,5,418.1409606933594,3.26672625541687,37.55959603449374
peg_insert,15,6,393.8275390625,3.0767776489257814,36.749773427287586
peg_insert,15,7,393.22910461425784,3.0721023797988893,32.91267668177434
peg_insert,16,0,374.7941823323568,2.9280795494715375,37.38734847031996
peg_insert,16,1,403.16416931152344,3.149720072746277,39.60387493384499
peg_insert,16,2,407.0407196044922,3.1800056219100954,38.29866321949992
peg_insert,16,3,414.19127604166664,3.2358693440755206,43.04029340095395
peg_insert,16,4,421.2154876708984,3.290745997428894,42.90006373955908
peg_insert,16,5,419.1898518880208,3.2749207178751627,39.54229496687747
peg_insert,16,6,395.9830251057943,3.093617383639018,38.605725707029386
peg_insert,16,7,387.6339904785156,3.0283905506134032,33.451107405815875
peg_insert,17,0,386.72120666503906,3.0212594270706177,34.41867493923268
peg_insert,17,1,407.76104329427085,3.185633150736491,37.60241468334313
peg_insert,17,2,410.4953236897787,3.206994716326396,35.850305526757104
peg_insert,17,3,419.881440226237,3.2803237517674764,40.27001416861064
peg_insert,17,4,429.47229817708336,3.3552523295084637,41.8287446944858
peg_insert,17,5,423.1648417154948,3.305975325902303,38.82227415899293
peg_insert,17,6,400.76825256347655,3.1310019731521606,35.067253184020636
peg_insert,17,7,395.2192637125651,3.087650497754415,29.91949281482817
peg_insert,18,0,413.3027842203776,3.2289280017217,34.146172713349536
peg_insert,18,1,431.34551696777345,3.36988685131073,38.569777669911545
peg_insert,18,2,428.1844462076823,3.345190985997518,36.55687304260634
peg_insert,18,3,444.93345845540364,3.476042644182841,40.405052077819214
peg_insert,18,4,459.1172668457031,3.5868536472320556,42.28971303637034
peg_insert,18,5,448.36805826822916,3.5028754552205403,39.40292723661136
peg_insert,18,6,427.2703135172526,3.338049324353536,34.62263615468805
peg_insert,18,7,417.54119160970055,3.2620405594507855,28.289496428149075
peg_insert,19,0,441.8913604736328,3.4522762537002563,34.77156195682755
peg_insert,19,1,457.9005482991536,3.5773480335871377,39.03047686836619
peg_insert,19,2,454.1095906575521,3.5477311770121256,37.231802427635266
peg_insert,19,3,475.7176188151042,3.7165438969930014,41.3083972288424
peg_insert,19,4,491.10620930989586,3.8367672602335614,43.41855363833043
peg_insert,19,5,475.923139444987,3.718149526913961,40.1552982693829
peg_insert,19,6,452.5092712402344,3.5352286815643312,35.08149799098512
peg_insert,19,7,436.27381591796876,3.408389186859131,28.414785676679916
peg_insert,20,0,498.6883219401042,3.896002515157064,34.3991281985815
peg_insert,20,1,516.6718495686849,4.036498824755351,38.918542350789025
peg_insert,20,2,507.8391438802083,3.9674933115641275,36.98404684171372
peg_insert,20,3,533.1249684651692,4.1650388161341345,41.57239496555544
peg_insert,20,4,552.1392801920573,4.313588126500448,43.57288946921953
peg_insert,20,5,534.1637420654297,4.173154234886169,40.51644686687678
peg_insert,20,6,507.10789286295574,3.9617804129918417,35.464765408539144
peg_insert,20,7,481.3962361653646,3.760908095041911,27.928061971400265
peg_insert,21,0,574.5402282714844,4.4885955333709715,35.27882706162657
peg_insert,21,1,590.5846659342448,4.613942702611287,39.34194486610365
peg_insert,21,2,582.6546081542969,4.551989126205444,37.24173460705284
peg_insert,21,3,612.088437906901,4.7819409211476644,42.726471850880024
peg_insert,21,4,633.8900797526042,4.95226624806722,44.313952602782834
peg_insert,21,5,610.8572733561198,4.772322448094686,41.33120296466469
peg_insert,21,6,577.6743672688802,4.513080994288127,36.404384090228156
peg_insert,21,7,536.6295542399089,4.192418392499288,28.24787278109466
peg_insert,22,0,703.1697672526042,5.49351380666097,34.62327830259169
peg_insert,22,1,690.1169372558594,5.3915385723114015,38.79230399422775
peg_insert,22,2,680.9161885579427,5.319657723108928,36.07105908822837
peg_insert,22,3,735.3074727376302,5.744589630762736,41.83737125968329
peg_insert,22,4,755.2230651855468,5.900180196762085,42.96230341595004
peg_insert,22,5,716.2023376464844,5.595330762863159,40.12947524711194
peg_insert,22,6,690.0190938313802,5.390774170557658,35.040969819286964
peg_insert,22,7,637.6246358235677,4.981442467371623,26.832109299990247
peg_insert,23,0,808.4840494791666,6.316281636555989,33.61389589768534
peg_insert,23,1,787.1347900390625,6.149490547180176,37.5576549541058
peg_insert,23,2,781.0410217285156,6.101882982254028,34.9988197589838
peg_insert,23,3,841.6735656738281,6.575574731826782,40.46264857406555
peg_insert,23,4,860.9445129394531,6.726129007339478,41.728108640679835
peg_insert,23,5,817.5944519042969,6.387456655502319,39.19013357451074
peg_insert,23,6,791.4476257324219,6.183184576034546,34.3656975368046
peg_insert,23,7,729.0608662923177,5.695788017908732,26.677571680267217
nut_thread,0,0,34.60673128763835,0.2703650881846746,14.690564841030389
nut_thread,0,1,33.222951380411786,0.2595543076594671,14.50150932481079
nut_thread,0,2,31.907596842447916,0.24927810033162434,14.582722655515393
nut_thread,0,3,31.097791544596355,0.24295149644215902,14.539416818253844
nut_thread,0,4,30.616156514485677,0.23918872276941935,14.491227362343375
nut_thread,0,5,30.22461071014404,0.23612977117300032,14.42285506950532
nut_thread,0,6,29.790168698628744,0.23273569295803706,14.641147541034497
nut_thread,0,7,29.448637135823567,0.23006747762362162,14.600032077457161
nut_thread,1,0,61.21561177571615,0.4782469669977824,15.595861289830482
nut_thread,1,1,60.53395055135091,0.472921488682429,15.4058290058212
nut_thread,1,2,59.9199333190918,0.46812447905540466,15.667454259219886
nut_thread,1,3,59.45752550760905,0.4645119180281957,15.716159172401232
nut_thread,1,4,59.134576161702476,0.4619888762633006,15.725621832660524
nut_thread,1,5,58.913686752319336,0.4602631777524948,15.605220765573925
nut_thread,1,6,58.730335299173994,0.45883074452479683,15.619905861788943
nut_thread,1,7,58.551171684265135,0.45743102878332137,15.627753569829169
nut_thread,2,0,106.21821670532226,0.8298298180103302,10.868839600780424
nut_thread,2,1,106.61836649576823,0.8329559882481893,10.876422131731482
nut_thread,2,2,106.80375188191732,0.8344043115774791,10.877558837692673
nut_thread,2,3,104.61991348266602,0.8173430740833283,10.883496619677405
nut_thread,2,4,103.12001088460286,0.8056250850359599,10.920471666144188
nut_thread,2,5,103.27593994140625,0.8068432807922363,10.79290737928847
nut_thread,2,6,101.78832054138184,0.7952212542295456,10.72507508134574
nut_thread,2,7,100.30132395426432,0.78360409339269,10.624896927948695
nut_thread,3,0,152.1107490539551,1.1883652269840241,13.730591512871532
nut_thread,3,1,162.63683369954427,1.2706002632776896,13.392958634461527
nut_thread,3,2,153.9823450724284,1.2029870708783468,13.079718675081562
nut_thread,3,3,152.69131673177083,1.1929009119669596,14.151626517308149
nut_thread,3,4,145.08255106608073,1.1334574302037557,15.871902530752903
nut_thread,3,5,142.61104151407878,1.1141487618287405,15.833841362230803
nut_thread,3,6,142.93205286661785,1.116656663020452,14.358860354099537
nut_thread,3,7,139.38890584309897,1.0889758268992107,15.707427559604676
nut_thread,4,0,212.0408462524414,1.6565691113471985,20.974201363935094
nut_thread,4,1,232.80509389241536,1.818789796034495,21.32085839430032
nut_thread,4,2,239.74524536132813,1.873009729385376,22.750168729195348
nut_thread,4,3,223.56244608561198,1.7465816100438436,23.340052262293298
nut_thread,4,4,224.79881540934244,1.7562407453854878,26.91447952701726
nut_thread,4,5,234.8954813639323,1.8351209481557211,28.718591604104926
nut_thread,4,6,231.79855397542318,1.8109262029329936,27.293917009330737
nut_thread,4,7,237.47728424072267,1.8552912831306458,28.897208285868906
nut_thread,5,0,214.83539276123048,1.6784015059471131,22.750809633147558
nut_thread,5,1,237.34050699869792,1.8542227109273275,23.392858420190397
nut_thread,5,2,237.68728383382162,1.8569319049517314,24.721070821381097
nut_thread,5,3,229.36031239827474,1.7918774406115214,25.869271471985822
nut_thread,5,4,233.90058186848958,1.8273482958475749,28.15180965517952
nut_thread,5,5,247.4414805094401,1.9331365664800009,30.13568241438079
nut_thread,5,6,235.03568115234376,1.8362162590026856,29.288349064677842
nut_thread,5,7,250.65399373372395,1.9582343260447184,30.097425124483653
nut_thread,6,0,261.3272633870443,2.0416192452112836,25.605221203572924
nut_thread,6,1,255.83477834065755,1.998709205786387,23.81942983252996
nut_thread,6,2,264.7477778116862,2.0683420141537985,26.01775742110093
nut_thread,6,3,277.0908528645833,2.1647722880045572,29.442611207915053
nut_thread,6,4,272.3278747558594,2.1275615215301515,32.514312732683344
nut_thread,6,5,274.201508585612,2.1421992858250936,33.40557531783049
nut_thread,6,6,273.8927963256836,2.139787471294403,32.55294871594303
nut_thread,6,7,303.9025583902995,2.3742387374242147,35.15862720033202
nut_thread,7,0,250.32345581054688,1.9556519985198975,27.047178936866704
nut_thread,7,1,243.22433166503907,1.9001900911331178,24.421138505686326
nut_thread,7,2,257.5098032633463,2.011795337994893,25.36594890859263
nut_thread,7,3,269.60930786132815,2.106322717666626,30.885683227923792
nut_thread,7,4,262.73221995035806,2.0525954683621723,33.54691263058498
nut_thread,7,5,269.217197672526,2.1032593568166096,34.08188023927487
nut_thread,7,6,266.76685485839846,2.084116053581238,33.61249618876104
nut_thread,7,7,288.4702662150065,2.2536739548047384,36.260912618553476
nut_thread,8,0,295.5403605143229,2.3089090665181478,30.89344451393401
nut_thread,8,1,282.3419647216797,2.2057965993881226,27.823766040903724
nut_thread,8,2,308.00843098958336,2.40631586710612,27.983117773948436
nut_thread,8,3,320.86513366699216,2.5067588567733763,34.8475512544052
nut_thread,8,4,307.41119181315105,2.4016499360402426,36.62287258617645
nut_thread,8,5,317.5719065348307,2.481030519803365,36.05864172468065
nut_thread,8,6,312.38713887532555,2.440524522463481,36.84224395881738
nut_thread,8,7,346.88477986653646,2.710037342707316,41.565129871799364
nut_thread,9,0,389.12580057779945,3.0400453170140582,30.39255609175891
nut_thread,9,1,376.66919860839846,2.942728114128113,29.844953255072905
nut_thread,9,2,427.0980539957682,3.3367035468419393,30.393796994800027
nut_thread,9,3,421.37279459635414,3.2919749577840167,35.67362851920186
nut_thread,9,4,402.28066202799477,3.142817672093709,35.14526456223965
nut_thread,9,5,427.45501810709635,3.3394923289616902,35.79957473150057
nut_thread,9,6,411.2063822428385,3.212549861272176,35.17219021287712
nut_thread,9,7,459.79820251464844,3.592173457145691,39.15635405955359
nut_thread,10,0,388.1430196126302,3.0323673407236735,33.116152856222755
nut_thread,10,1,374.9332021077474,2.9291656414667764,34.005831119891276
nut_thread,10,2,424.29815063476565,3.3148293018341066,33.31016635304626
nut_thread,10,3,429.02320353190106,3.351743777592977,38.903695815255986
nut_thread,10,4,405.06910095214846,3.16460235118866,38.69202816813911
nut_thread,10,5,428.6588989257813,3.348897647857666,38.57374882735797
nut_thread,10,6,414.9521067301432,3.241813333829244,39.768278781667384
nut_thread,10,7,439.6049031575521,3.4344133059183757,41.50526469261646
nut_thread,11,0,368.7925608317057,2.881191881497701,34.680594061846946
nut_thread,11,1,367.53786417643227,2.871389563878377,36.159172284470195
nut_thread,11,2,406.9330790201823,3.179164679845174,34.56694806303745
nut_thread,11,3,405.7616861979167,3.170013173421224,40.76735743732253
nut_thread,11,4,424.1351755777995,3.3135560592015585,42.50711126536453
nut_thread,11,5,427.6187408447266,3.3407714128494264,41.41316685070925
nut_thread,11,6,394.64796040852866,3.08318719069163,40.6759983214492
nut_thread,11,7,428.519243367513,3.3478065888086954,44.123509736224676
nut_thread,12,0,414.73244222005206,3.2400972048441568,38.891963431943736
nut_thread,12,1,417.82993367513023,3.264296356836955,37.98336187487248
nut_thread,12,2,480.741845703125,3.7557956695556642,37.78625735744749
nut_thread,12,3,463.4497833251953,3.6207014322280884,45.22866421955576
nut_thread,12,4,475.1282094319661,3.7119391361872354,46.95987399951015
nut_thread,12,5,486.3339050292969,3.799483633041382,43.81709869504233
nut_thread,12,6,460.02672017415364,3.5939587513605753,46.37686079769089
nut_thread,12,7,494.19044901529946,3.860862882932027,50.719504075937216
nut_thread,13,0,389.7461751302083,3.0448919932047525,38.058238771532274
nut_thread,13,1,410.2749989827474,3.205273429552714,39.40242601676505
nut_thread,13,2,456.54705301920575,3.566773851712545,37.934193128383555
nut_thread,13,3,438.34551696777345,3.42457435131073,44.747980744667316
nut_thread,13,4,455.59035339355466,3.559299635887146,47.33064331716317
nut_thread,13,5,466.08249918619794,3.6412695248921714,42.0893160411912
nut_thread,13,6,437.7676523844401,3.4200597842534384,45.475097289793766
nut_thread,13,7,449.97113240559895,3.515399471918742,47.273288310770845
nut_thread,14,0,348.46360066731773,2.72237188021342,38.27126445106377
nut_thread,14,1,369.72645467122396,2.888487927118937,39.8125877674279
nut_thread,14,2,391.5096496582031,3.0586691379547117,38.41741553560452
nut_thread,14,3,390.43622233072915,3.0502829869588215,45.08562218860997
nut_thread,14,4,400.8522054036458,3.131657854715983,48.581579498163464
nut_thread,14,5,408.20803019205727,3.1891252358754474,43.311350579760905
nut_thread,14,6,387.7935404459635,3.02963703473409,45.47963087637258
nut_thread,14,7,392.8061920166016,3.0687983751297,46.66569294637952
nut_thread,15,0,356.0484181722005,2.7816282669703165,38.31053192376023
nut_thread,15,1,374.2080108642578,2.923500084877014,39.487703942237054
nut_thread,15,2,381.6461568196615,2.9816106001536054,37.220598368656205
nut_thread,15,3,386.3638926188151,3.018467911084493,45.58250140018495
nut_thread,15,4,400.2344278971354,3.1268314679463702,50.19171490608184
nut_thread,15,5,396.80629374186196,3.1000491698582966,45.67349159078742
nut_thread,15,6,378.39866739908854,2.956239589055379,44.197144332913126
nut_thread,15,7,378.96437377929686,2.9606591701507567,46.92146375703825
nut_thread,16,0,355.93627014160154,2.780752110481262,38.033650158672096
nut_thread,16,1,375.02178548177085,2.9298576990763348,40.85598029938897
nut_thread,16,2,374.0633015950521,2.9223695437113446,38.249959313993095
nut_thread,16,3,390.29588521321614,3.049186603228251,47.759696880914156
nut_thread,16,4,403.8416473388672,3.1550128698349,52.54478625289621
nut_thread,16,5,399.3833353678385,3.1201823075612385,47.17387402095007
nut_thread,16,6,380.87852274576824,2.9756134589513143,46.31090386206763
nut_thread,16,7,372.12302652994794,2.9072111447652182,47.528456414200456
nut_thread,17,0,365.24647420247396,2.853488079706828,36.43526938582354
nut_thread,17,1,377.44383951822914,2.948779996236165,39.71235482132102
nut_thread,17,2,374.9191660563151,2.9290559848149615,37.30711573413634
nut_thread,17,3,392.5253621419271,3.0666043917338053,46.55993611130596
nut_thread,17,4,410.1750834147135,3.2044928391774494,52.05823606813858
nut_thread,17,5,402.21404825846355,3.1422972520192465,47.855127857031725
nut_thread,17,6,383.65021158854165,2.9972672780354817,43.752600952185496
nut_thread,17,7,374.5694590250651,2.926323898633321,44.17698754696435
nut_thread,18,0,392.871430460612,3.069308050473531,35.73811907015771
nut_thread,18,1,400.39056193033855,3.12805126508077,39.75258392913629
nut_thread,18,2,391.0883534749349,3.0553777615229287,36.41677359619944
nut_thread,18,3,415.333095296224,3.24478980700175,45.875288810037105
nut_thread,18,4,437.7314931233724,3.419777290026347,51.34747433539645
nut_thread,18,5,425.84458211263023,3.3269107977549237,47.22447473710694
nut_thread,18,6,410.2031575520833,3.204712168375651,41.74500411781637
nut_thread,18,7,399.4269622802734,3.120523142814636,39.59292303161155
nut_thread,19,0,422.9200002034505,3.304062501589457,35.61550961864862
nut_thread,19,1,427.03326721191405,3.3361974000930785,39.383011572464106
nut_thread,19,2,414.7134674072266,3.2399489641189576,36.3421329994186
nut_thread,19,3,444.5751993815104,3.47324374516805,45.90527181886776
nut_thread,19,4,467.5812591552734,3.6529785871505736,51.89508424761292
nut_thread,19,5,452.3680053710938,3.53412504196167,47.775175430989755
nut_thread,19,6,433.47312520345054,3.3865087906519573,42.379958518365406
nut_thread,19,7,415.33161010742185,3.244778203964233,38.123230622719106
nut_thread,20,0,477.1984507242839,3.7281128962834678,35.31998844603229
nut_thread,20,1,482.9488779703776,3.773038109143575,39.268477626532224
nut_thread,20,2,463.2472290039062,3.6191189765930174,36.39882183177996
nut_thread,20,3,498.3301096598307,3.8932039817174275,46.00209350308169
nut_thread,20,4,525.3496002197265,4.104293751716614,51.35786836537447
nut_thread,20,5,508.17275390625,3.9700996398925783,47.60250074340732
nut_thread,20,6,485.5093271891276,3.7930416186650593,42.66018519650029
nut_thread,20,7,459.71009318033856,3.591485102971395,37.15857083454843
nut_thread,21,0,548.9355326334636,4.288558848698934,36.07900280833306
nut_thread,21,1,553.2462890625,4.322236633300781,39.45136217549052
nut_thread,21,2,530.8046508789063,4.146911334991455,36.47747341008372
nut_thread,21,3,571.910498046875,4.468050765991211,45.82348130528901
nut_thread,21,4,603.2340922037761,4.712766345342001,51.54587811480635
nut_thread,21,5,581.7968709309896,4.545288054148356,48.389688727066236
nut_thread,21,6,551.5481892903646,4.308970228830973,42.62052852133312
nut_thread,21,7,509.3812693277995,3.9795411666234335,37.041854429592846
nut_thread,22,0,673.3771708170573,5.26075914700826,34.36240117644789
nut_thread,22,1,649.3101908365885,5.072735865910848,38.93427827310672
nut_thread,22,2,624.5335673014323,4.87916849454244,35.375849559562674
nut_thread,22,3,688.4315388997396,5.378371397654216,42.49996021894469
nut_thread,22,4,721.2994974772135,5.635152324040731,47.466173225185536
nut_thread,22,5,684.2770935058594,5.3459147930145265,45.91888137304355
nut_thread,22,6,658.2288492838542,5.142412885030111,39.649992181058415
nut_thread,22,7,604.1608622233073,4.720006736119588,34.45366817611117
nut_thread,23,0,779.1112670898438,6.086806774139404,33.755058339897616
nut_thread,23,1,749.0576009114583,5.852012507120768,36.99923016230017
nut_thread,23,2,729.1890950520833,5.696789805094401,33.57749540477508
nut_thread,23,3,795.0099914550781,6.2110155582427975,40.44247362411811
nut_thread,23,4,827.8861836751302,6.467860809961954,44.41010901776973
nut_thread,23,5,789.7688903808594,6.170069456100464,42.219128616116556
nut_thread,23,6,760.5962097167969,5.942157888412476,37.92771393295805
nut_thread,23,7,698.3165283203125,5.455597877502441,33.20854808929633
